"Star","film","Empire","Back","film","balance","franchise","heroine","lady","bit","men","engaging","film","men","world","respect","gender","imagery","episode","Empire","Back","mean","feat","Empire","A","film","protagonist","Thank","goodness","profile","Star","franchise","forward","imperial","good","best","good","superior","male","heavy","delightful","female","tough","exciting","new","female","visual","stunning","beautiful","elegant","admirable","sure","high","many","female","future","As"
"story","Star","process","one","worse","Rogue","one","everything","movie","everyone","Star","plot","group","Death","Star","designer","morale","conscience","deliberate","flaw","exhaust","port","Family","Guy","information","right","information","daughter","designer","name","Episode","Four","New","Hope","thing","Well","film","par","Empire","Episode","someone","film","silver","screen","director","Star","Film","First","script","mix","drama","action","pathos","humour","story","film","action","tension","film","Sixth","trilogy","abundance","nostalgia","work","story","Seventh","please","station","bland","day","week","technology","story","tension","time","mix","action","effect","Lord","man","craft","film","film","opposite","Star","fan","sense","film","fault","cast","everyone","Forest","villain","piece","Ben","Hard","Big","Steal","Yen","character","movie","cast","universe","mark","Pow","Ben","Rebel","Foot","General","Pilot","Brewster","Rebel","attack","conference","debate","council","Strong","drama","ingredient","day","Rebellion","faction","everyone","get","messy","people","film","question","Empire","course","film","Star","doubt","Voiced","skill","Alan","ship","ground","Chiefly","acting","Felicity","conviction","Luna","Han","Solo","portrayal","Incredible","proportion","rest","film","subplot","cut","issue","juggle","narrative","running","time","director","feat","doubt","army","order","film","day","someone","film","doubt","story","Star","fan","Pure","class","creative","unfounded","engrossing","seamless","great","different","archive","first","great","good","right","good","interesting","diverse","unique","third","great","many","memorable","many","fourth","real","tense","fifth","original","comedic","pure","appropriate","real","Underground","sterile","perfect","live","great","critical","total","true","die","hard","critical","hard","good","new","international","smaller","tense","boring","key","tangible","real","wrong","great","good","bad","many","pure","many","new","thin","real","adversary","little","longer","nit","many","major","minor","single","tight","mean","entire","Fortunately","describe","easily","long","So","yes","also","actually","secondly","well","always","well","entirely","well","Here","well","clearly","highly","really","fully","anywhere","especially","brilliantly","beautifully","alone","truly","really","respectively","Here","far","even","better","really","rather","ally","sometimes","entirely","perhaps","le","really","extremely","well","Perhaps","quite","clearly"
"thing","movie","war","drama","adventure","Star","story","homeless","war","Empire","Consequently","start","way","description","Star","movie","people","time","NOW","job","feeling","audience","bit","humor","relief","creature","effect","lot","Ground","battle","combat","space","quarter","degree","war","brutality","result","action","movie","Star","universe","Somewhat","saber","Force","fan","money","Go","strange","fi","dark","gritty","main","brutal","civil","oppressive","main","many","realistic","ordinary","alternative","great","fair","comedic","good","ample","special","urban","close","squeaky","clean","nasty","final","good","light","true","ever","much","still","well"
"descent","Darkness","heartbreaking","disappointment","Rogue","Star","track","Rogue","level","exception","action","Just","Force","rehash","A","New","Hope","Legacy","Force","Solo","Rogue","One","rehash","Dark","Felicity","Luna","Kyle","addition","premise","movie","anything","mythos","Do","favor","watch","movie","anything","movie","confirmation","matter","thing","movie","sense","inevitability","matter","charge","matter","little","cool","likable","predictable","uninspiring","overall","worth","episode","back","nowhere","near","ultimately"
"Wow","vein","Dirty","Dozen","Star","movie","Star","saga","iconic","whats","faith","strength","spirit","Behold","Star","film","Rogue","A","Star","Story","epic","adventure","time","conflict","group","band","mission","steal","Empire","weapon","destruction","Death","Star","Starring","Felicity","Luna","Ben","Yen","Alan","Wen","Forest","Tony","band","cause","nothing","Star","saga","misfit","smuggler","Han","Solo","Rogue","A","Star","Story","cast","business","order","film","region","group","story","Revenge","Sith","A","New","Hope","k","Star","film","nothing","wink","script","perfect","Tony","silence","film","conflict","Rogue","One","team","resolve","movie","way","pulse","pounding","battle","act","something","beach","invasion","Private","Actress","Felicity","saga","Less","film","dilemma","heart","Star","movie","lineal","Rogue","One","Yen","part","something","reason","man","character","K","target","relief","agreement","Ben","villain","presence","Lord","cameo","awe","New","Hope","graphic","credit","look","tone","style","impression","Star","That","something","Resilient","grounded","heroic","many","usual","human","first","new","unlikely","ordinary","extraordinary","ultimate","common","unusual","stubborn","international","sure","certain","biggest","diverse","original","sure","sure","little","arguable","final","akin","resilient","elegant","general","much","entire","familial","favorite","big","good","happy","new","comic","incredible","strong","least","much","least","favorite","ever","together","firstly","well","really","already","immediately","Not","necessarily","never","pretty","finally","actually","quite","well","enough","always","exactly","ago","really"
"void","heart","episode","episode","none","movie","actor","opinion","movie","everything","fan","feeling","story","line","move","saga","higher","perfect","good","good","many","die","hard","female","good","Good","old","good","old","overall","good","old","bold","bad","Overall","Maybe","almost","sure","enough","enough","otherwise","quite","well","quite","nicely","also"
"war","approach","Star","saga","fluff","mature","death","glimpse","story","Rogue","One","A","Star","Story","film","Star","film","war","torn","Star","Rogue","crawl","galaxy","shot","transport","ship","planet","backdrop","Director","time","story","family","home","learning","Imperial","head","Ben","Death","Star","project","engineer","design","Death","Star","eye","daughter","Felicity","escape","procedure","case","arrival","tense","encounter","tone","sense","defeat","interaction","look","wife","Lyra","shoulder","turn","shot","score","cave","inside","rock","structure","action","planet","ex","Rebel","Saw","Forest","blaster","luck","bit","mention","line","screen","time","amount","character","lot","gruff","justice","nothing","character","half","film","time","Silver","Screen","Rogue","One","plenty","planet","purpose","audience","Star","universe","fighter","Luna","haste","City","Star","universe","people","kind","guy","ship","fight","way","situation","information","Imperial","pilot","Bodhi","Rook","Rook","instruction","engineer","whereabouts","information","Death","Star","messenger","message","Rook","Rogue","One","film","Tony","dialogue","cast","time","felt","heavy","Force","beginning","sort","mantra","click","bit","dialogue","nod","romance","moment","finale","way","attraction","pun","emotion","romance","road","plea","writing","viewer","world","anything","K","tension","relief","time","heroism","war","child","mother","gunfire","scene","Rebel","headquarters","counsel","wise","father","Death","Star","character","status","leader","Imperial","nature","fun","time","dominance","despair","cinematography","difference","Star","stranger","color","film","tone","rest","Rogue","One","Well","film","half","bit","place","beach","cheese","tone","spin","entirety","Rogue","One","product","act","Rogue","One","end","war","approach","Star","saga","fluff","mature","death","General","Moff","reveal","conclusion","film","torn","first","side","different","traditional","gritty","dark","sweeping","aerial","Imperial","wide","endless","Imperial","eventual","mature","sinister","left","young","extremist","indicative","large","necessary","second","first","uncanny","Rebel","diverse","panicky","perfect","good","poor","hard","big","desperate","good","unique","comic","eventual","evil","unfold","nose","previous","low","neutral","nice","open","bleak","second","dark","final","final","imagine","positive","different","dark","satisfied","torn","big","otherwise","far","far","away","right","however","barely","presumably","almost","well","enough","later","however","along","well","subtly","Now","However","well","eventually","lighter","enough","otherwise","Also","well"
"Rough","One","SO","BEAUTIFUL","Worth","universe","family","drama","Rough","One","character","Yen","love","character","moment","dreamer","No","need","effect","protagonist","thing","plot","A","Star","Story","background","main","More","main","universe","wonderful","familiar","nostalgic","female","lead","Rogue","universe","worth","really","especially","basically"
"Fell","time","fight","scene","star","emphasis","Did","plot","death","star","thing","epic","story","development","mythology","plot","action","time","system","look","score","Sort","tie","Yen","something","star","game","story","line","Anyway","mass","effect","team","mantle","star","mythology","Overall","constant","scant","constant","whole","high","original","video","amazing","asleep","Seriously"
"Just","Force","movie","acting","time","lot","action","way","film","reason","movie","time","Joker","Suicide","Squad","Star","franchise","money","year","screen","sound","movie","way","full","bad","hard","good","bad","good","disappointed","screen","least","next","Sure","big","big","best","easily","much","seriously","exactly","Sadly","probably","Personally"
