"As","not","too","as","not","more","so"
"just","Fortunately","as","not","only","describe","easily","as","long","not","only","just","So","yes","not","only","also","actually","secondly","well","so","so","always","well","entirely","so","well","Here","not","so","well","clearly","highly","really","not","here","not","fully","very","anywhere","especially","here","brilliantly","beautifully","just","alone","truly","really","respectively","Here","far","more","not","even","better","really","rather","just","so","not","ally","sometimes","entirely","perhaps","less","so","really","so","extremely","well","Perhaps","quite","clearly"
"most","ever","t","much","still","well"
"episode","very","back","just","just","nowhere","near","just","not","ultimately"
"most","most","ever","together","then","firstly","well","really","already","immediately","Not","necessarily","never","more","pretty","not","finally","as","actually","quite","well","enough","always","only","exactly","ago","really","just"
"now","Maybe","almost","not","sure","enough","enough","otherwise","quite","well","quite","nicely","not","also"
"otherwise","far","far","away","right","however","there","barely","down","presumably","almost","not","well","enough","later","up","however","along","as","well","up","down","subtly","Now","just","However","well","eventually","most","lighter","not","only","t","enough","otherwise","Also","well"
"not","really","not","especially","basically"
"asleep","again","just","too","Seriously"
"only","just","easily","too","much","then","not","only","very","seriously","exactly","only","Sadly","only","only","then","probably","Personally"
"wholeheartedly","instead","finally","thoroughly","only","actually","No","absolutely","right","down","never","always"
"well","well","no","longer","rather","perfectly","far","far","away","usually","properly","becomes","relatively","t","as","up","successfully","again","honestly","quickly","also","well","properly","felt","still","incredibly","most","still"
"not","so","so","not","not","really","maybe"
"Greatly","far","ridiculously","deadly","once","not","laughter","seriously","annoyingly","visually","deadly","again","highly"
"only","greatly","really","bit","later","prior","not","so","so","quite","not","even","always","about","heavily","almost","quite","perfectly","no","better","simply","wise","just","again","just","again","more","really"
"just","truly","here","not","perhaps","only","so","indeed","here","more","more","yet","previously","also","stylistically","more","not","more","especially","superbly","stunningly","more","truly","pretty","not","quite","digitally","pretty","notably","here","Not","surprisingly","lively","really","not","quite","continually","so","yet","perfectly","so","evil","not","as","most","not","not","however"
"even","very","not","definitely","very","atmosphere","slightly","Now","only","somewhat","definitely","especially","just","very"
"just","forward","still","far","not","even","better","more","close","even","not","here","back","not","not","just","maybe","s","just","not","art","not","not","just","still","not","just","magic","better","very","not","too","only","Unfortunately","very","so","fast","even","not","again","already","not","away","maybe","now","even","really","well","Not","ugly","too","not","too","fast","really"
"Very","just","actually","up","seamlessly","literally","pretty","well","pretty","too","just","often","literally","just","never","just","just","also","obviously","so","transparently","just","VERY","literally","Totally","just","totally"
"Too","only","too","not","deviously","rather","always","So","rather","too","Also","not","only","really"
"Not","not","especially","even","so","far","instead","too","never","not","probably","not","either","more","also","very","heavily","Perhaps","best","So","However","just","t","too","mildly","not","not","else"
"however","first","Indeed","really","really","here","seriously","just","better","better","really","really","t","often","now","indeed","not","finally","most","not","necessarily","seriously","Not","just","literally","just","so","well","however","really","so","even","so","honestly","poorly","rather","pretty","also","rather","rather","barely","Not","about","so","basically","already","yet","still","not","ever","so","even","ever","however","not","just","beautifully","highly","far","far","away","here"
"very","much","very","also","maybe","not","enough","s","not","not"
"so","badly","just","just","not","there","especially","very","really","unfortunately","very","heavily","completely","simply","not","too","just","so","just","very","strongly","also","extremely","still","really"
"extremely","about","Secondly","very","still","well","well","even","so","else","Absolutely"
"really","too","much","possibly","Also","too","again","much","just","too","s","fairly","well","also","always","not","not","really"
"alone","already","yet","fast","back","absolutely","most","even","not"
"hardly","so","just","ever","Visually","beautifully","most","ever","too","especially","probably","better","right","there","possibly","also","fast","not","not","never","so","too"
"back","as","well","away","back","Now","however","much","rather","together","poorly","also","not","away","still","somewhat","still","so","well","often","even","not","as","even","too","However","once","again","much","closer","still","never","as","not","quite","up","certainly","still","again"
"not","still","even","sometimes","not","even","really","now","eventually","not"
"now","nearly","never","always","so","naturally","just","later","so","surprisingly","as","definitely","really","not","really","definitely","even","very","not","as","already","somehow","even","more","surprisingly","quite","actually","well","especially","also","mostly","luckily","not","not","as","pretty","still","highly"
"truly","absolutely","honestly","just","as","absolutely","periodically","very","almost","almost","flawlessly","gracefully","obviously","so","well","definitely","immensely","definitely","far","ever"
"more","certainly","t","well","actually","very","more","certainly","suddenly","together","often","most","really","quite","really","as","well","particularly","also","then","also"
"absolutely","so","well","not","finally","not","yet","well","character","once","again","marvelously","almost","bubbly","again","back","again"
"However","emotionally","alone","ever","Even","incredibly","probably","ever","often","ever","admittedly","not","most","ever","ultimately","satisfyingly","not","more","slightly","aside","even","however","too","much","gloriously","Sometimes","just","more","often","not","best","simply","up","however"
"now","really","best","So","really","not","as","actually","truly","now","thankfully","always","not","only","also","so","really","Also","just","not","as","still","finally"
"not","as","not","not","as","Instead","quickly","also","truly","not","much","strictly","there","there","not","already","so","much","really","unbelievably","so","also","also","bustlingly","also","very","so","much","Essentially","not","necessarily","not","further","yet","not","just","as","alone","However","up"
"not","back","really","well","usually","definitely","too","So"
"somehow","even","Once","together","back","here","even","more","almost","disastrously","so","very","very","never","also","most","even","now","here","rarely","Even","bit","never","Instead","more","ever","most","so","far","so","again","also","not","somehow","even"
"once","yet","ago","ever","once","again","surprisingly","then","not","truly","often","over","again","even","however","once","just","more","far","most","still","as","as","well","very","far","most","always","just","delicately","also","fantastically","incredibly","even","only","then","probably","little","more","back","only","incredibly","Not","there","as","overdone","However","probably","little","back","once","back","more","still","very","Unfortunately","not","as","as","even"
"Not","ever","First","not","However","absolutely","not","just","much","more","However","still","well","especially","thankfully","just","just","as","naturally","here","bit","more","not","just","primarily","very","seriously","here","actually","actually","Thankfully","actually","really","very","so","pretty","even","pretty","too","maybe","Maybe","well","t","even","away","too","Also"
"straight","best","more","exactly","just","straight","well","quite","once","again","only","so","partly","mostly","luckily","usually","already","thankfully","here","too","aside","also","Perhaps","perhaps","not","already","ever","anyway","as","well","back","always","dearly","not","not","only","even","quickly","not","exactly","everywhere","not","not","too","still"
"not","as","as","still","ever","never","still","better","more","thankfully","So","yet","once","not","enough","better","there","s","hardly","instead","Maybe","still","just","still"
"highly","critically","well","Unfortunately","most","either","somewhere","Not","too","far","about","emotionally","somewhat","certainly","far","highly","still","however","honestly","not","just","just","pretty","well","rather","entirely","as","well","usually","clearly","otherwise","definitely","away","just","very","well","mostly","seamlessly","most","mildly","so","sometimes","so","even","really","totally","not","only","else","very","much","actually","really","fairly","often","as","well","not","only","also","So","well","definitely","simply","just","also","fairly","then","back","entirely","first","not","However","Certainly","just"
"almost","really","t","still","really","almost","really","forever","rather","even","so","really","really"
"undoubtedly","most","back","supremely","never","back","strongly","best","surely","as","well","very","much","definitely"
"so","much","much","more","just","however","never","ultimately","else","as","well","now"
"finally","Even","down","not","still","probably","completely","so","magically","s","exactly","Only","really","here","really","so","clearly","just","seriously","not","then","just","back","Not","only","incredibly","incredibly","only","completely","Not","only","seriously","not","just","exactly","just","slightly","not","only","just","simply","really","only","only","just","mainly","subtly","t","certainly","not","once","again","really","pretty","also","very","well","very","here","not","Not","only","far","actually","No","longer","now","very","not","really","not"
"often","sometimes","very","enough","up","Sometimes","even","especially","just","ultimately","Maybe","ever","Here","helpfully","really","there","well","near","never","even","once","again","deftly","too","again","forward","sometimes","incredibly","gorgeously","here","yet","so","then","as","much","not","still","still","not","there","aside","mentally","already","really","much","aside","albeit","well","always","add","here","too","far","well","already","too","also","not","really","as","yet","just"
"Nowhere","nearly","as","super","too","very","bit","just","not","very","again","not","highly","just"
