"(0, 1)","(1, 1)","(2, 1)","(3, 2)","(4, 1)","(5, 1)","(6, 1)","(7, 1)","(8, 1)","(9, 1)","(10, 3)","(11, 1)","(12, 1)","(13, 1)","(14, 1)","(15, 3)","(16, 1)","(17, 2)","(18, 1)","(19, 1)","(20, 1)","(21, 1)","(22, 1)","(23, 1)","(24, 1)","(25, 1)","(26, 1)","(27, 1)","(28, 1)","(29, 2)","(30, 1)","(31, 1)","(32, 1)","(33, 1)","(34, 1)","(35, 1)","(36, 1)","(37, 1)","(38, 1)","(39, 1)"
"(5, 1)","(10, 2)","(12, 2)","(14, 1)","(27, 5)","(28, 1)","(32, 1)","(40, 1)","(41, 1)","(42, 1)","(43, 3)","(44, 1)","(45, 1)","(46, 1)","(47, 1)","(48, 1)","(49, 1)","(50, 1)","(51, 1)","(52, 1)","(53, 1)","(54, 1)","(55, 1)","(56, 1)","(57, 2)","(58, 1)","(59, 1)","(60, 1)","(61, 1)","(62, 1)","(63, 1)","(64, 2)","(65, 1)","(66, 1)","(67, 1)","(68, 2)","(69, 1)","(70, 1)","(71, 1)","(72, 1)","(73, 1)","(74, 1)","(75, 1)","(76, 1)","(77, 2)","(78, 1)","(79, 1)","(80, 3)","(81, 1)","(82, 1)","(83, 1)","(84, 1)","(85, 2)","(86, 1)","(87, 1)","(88, 2)","(89, 1)","(90, 3)","(91, 2)","(92, 1)","(93, 1)","(94, 1)","(95, 3)","(96, 1)","(97, 1)","(98, 3)","(99, 1)","(100, 1)","(101, 1)","(102, 1)","(103, 1)","(104, 2)","(105, 1)","(106, 1)","(107, 1)","(108, 1)","(109, 2)","(110, 1)","(111, 1)","(112, 1)","(113, 1)","(114, 1)","(115, 1)","(116, 1)","(117, 1)","(118, 1)","(119, 1)","(120, 1)","(121, 1)","(122, 1)","(123, 3)","(124, 2)","(125, 1)","(126, 1)","(127, 1)","(128, 1)","(129, 2)","(130, 1)","(131, 1)","(132, 1)","(133, 1)","(134, 1)","(135, 1)","(136, 1)","(137, 1)","(138, 1)","(139, 1)","(140, 1)","(141, 1)","(142, 1)","(143, 1)","(144, 1)","(145, 1)","(146, 1)","(147, 1)","(148, 1)","(149, 2)","(150, 1)","(151, 1)","(152, 1)","(153, 1)","(154, 1)","(155, 2)","(156, 1)","(157, 1)","(158, 1)","(159, 1)","(160, 1)","(161, 1)","(162, 1)","(163, 2)","(164, 1)","(165, 1)","(166, 1)","(167, 1)","(168, 1)","(169, 1)","(170, 1)","(171, 1)","(172, 1)","(173, 3)","(174, 1)","(175, 1)","(176, 1)","(177, 4)","(178, 4)","(179, 2)","(180, 1)","(181, 1)","(182, 2)","(183, 1)","(184, 1)","(185, 1)","(186, 1)","(187, 1)","(188, 1)","(189, 1)","(190, 1)","(191, 1)","(192, 1)","(193, 1)","(194, 1)","(195, 1)","(196, 1)","(197, 1)","(198, 2)","(199, 1)","(200, 1)","(201, 1)","(202, 1)","(203, 1)","(204, 1)","(205, 1)","(206, 1)","(207, 2)","(208, 2)","(209, 1)","(210, 1)","(211, 1)","(212, 1)","(213, 1)","(214, 1)","(215, 1)","(216, 1)","(217, 1)","(218, 1)","(219, 1)","(220, 1)","(221, 1)","(222, 1)","(223, 1)","(224, 1)","(225, 1)","(226, 1)","(227, 1)","(228, 1)"
"(7, 1)","(10, 1)","(27, 1)","(43, 1)","(69, 1)","(91, 1)","(93, 1)","(104, 1)","(119, 1)","(161, 1)","(210, 1)","(215, 1)","(220, 1)","(229, 1)","(230, 1)","(231, 1)","(232, 1)","(233, 1)","(234, 1)","(235, 2)","(236, 1)","(237, 1)","(238, 1)","(239, 1)","(240, 1)","(241, 1)","(242, 1)","(243, 1)","(244, 1)","(245, 1)","(246, 1)","(247, 1)","(248, 1)","(249, 1)","(250, 1)","(251, 1)","(252, 1)","(253, 1)","(254, 1)","(255, 1)","(256, 1)","(257, 2)","(258, 1)","(259, 1)","(260, 1)","(261, 1)","(262, 1)","(263, 1)","(264, 1)","(265, 1)","(266, 1)","(267, 1)","(268, 1)","(269, 1)","(270, 1)","(271, 1)","(272, 1)","(273, 1)","(274, 1)","(275, 1)","(276, 1)","(277, 3)","(278, 1)"
"(0, 1)","(3, 1)","(12, 1)","(43, 1)","(107, 1)","(126, 1)","(137, 1)","(142, 1)","(155, 1)","(183, 3)","(189, 1)","(197, 1)","(210, 1)","(242, 2)","(250, 2)","(279, 1)","(280, 1)","(281, 2)","(282, 1)","(283, 1)","(284, 1)","(285, 1)","(286, 1)","(287, 1)","(288, 1)","(289, 1)","(290, 1)","(291, 1)","(292, 1)","(293, 1)","(294, 1)","(295, 1)","(296, 3)","(297, 1)","(298, 1)","(299, 1)","(300, 1)","(301, 1)","(302, 1)","(303, 2)","(304, 1)","(305, 1)","(306, 1)","(307, 1)","(308, 1)"
"(0, 3)","(9, 1)","(10, 1)","(27, 1)","(35, 3)","(42, 1)","(44, 1)","(46, 1)","(50, 1)","(57, 2)","(59, 1)","(64, 1)","(65, 1)","(81, 1)","(89, 1)","(95, 1)","(103, 1)","(107, 2)","(109, 1)","(112, 1)","(117, 1)","(119, 1)","(120, 2)","(122, 1)","(126, 2)","(128, 1)","(132, 1)","(136, 1)","(137, 1)","(141, 1)","(142, 1)","(144, 1)","(155, 2)","(157, 1)","(158, 1)","(162, 1)","(175, 1)","(178, 2)","(183, 4)","(186, 1)","(197, 1)","(201, 1)","(203, 1)","(221, 1)","(228, 2)","(230, 1)","(234, 1)","(245, 1)","(249, 2)","(259, 2)","(263, 1)","(266, 1)","(278, 1)","(305, 1)","(309, 1)","(310, 1)","(311, 1)","(312, 1)","(313, 1)","(314, 1)","(315, 1)","(316, 1)","(317, 2)","(318, 1)","(319, 1)","(320, 1)","(321, 1)","(322, 1)","(323, 1)","(324, 1)","(325, 1)","(326, 1)","(327, 2)","(328, 1)","(329, 1)","(330, 1)","(331, 1)","(332, 1)","(333, 1)","(334, 1)","(335, 1)","(336, 1)","(337, 1)","(338, 2)","(339, 1)","(340, 1)","(341, 1)","(342, 1)","(343, 1)","(344, 1)","(345, 1)","(346, 1)","(347, 1)","(348, 1)","(349, 1)","(350, 2)","(351, 1)","(352, 1)","(353, 1)","(354, 1)","(355, 1)","(356, 1)","(357, 1)","(358, 2)","(359, 1)","(360, 1)","(361, 1)","(362, 1)","(363, 1)","(364, 1)","(365, 1)","(366, 1)","(367, 2)","(368, 1)","(369, 1)","(370, 3)","(371, 1)","(372, 1)","(373, 1)","(374, 3)","(375, 1)","(376, 1)","(377, 1)","(378, 1)","(379, 1)","(380, 1)","(381, 1)","(382, 1)","(383, 1)","(384, 2)","(385, 1)","(386, 1)","(387, 1)","(388, 1)","(389, 1)","(390, 1)","(391, 1)","(392, 1)","(393, 1)"
"(12, 2)","(15, 1)","(27, 1)","(35, 1)","(49, 1)","(56, 1)","(86, 1)","(99, 1)","(104, 1)","(123, 1)","(162, 1)","(175, 2)","(247, 1)","(300, 2)","(333, 2)","(342, 1)","(370, 1)","(394, 1)","(395, 1)","(396, 1)","(397, 1)","(398, 1)","(399, 1)","(400, 1)","(401, 1)","(402, 1)","(403, 3)","(404, 1)","(405, 1)","(406, 1)"
"(0, 1)","(7, 3)","(20, 1)","(24, 5)","(39, 1)","(42, 1)","(43, 1)","(49, 1)","(57, 1)","(59, 2)","(64, 1)","(65, 3)","(79, 1)","(81, 6)","(85, 1)","(87, 3)","(88, 1)","(89, 1)","(103, 1)","(105, 2)","(107, 1)","(109, 2)","(112, 1)","(117, 1)","(121, 1)","(123, 1)","(129, 2)","(142, 1)","(155, 6)","(161, 1)","(162, 1)","(165, 1)","(179, 3)","(181, 1)","(182, 1)","(183, 7)","(185, 2)","(189, 1)","(191, 2)","(192, 1)","(207, 1)","(208, 1)","(219, 1)","(220, 2)","(233, 1)","(242, 3)","(249, 3)","(250, 1)","(251, 1)","(256, 1)","(261, 1)","(266, 1)","(277, 4)","(278, 2)","(281, 1)","(309, 1)","(318, 1)","(325, 1)","(333, 2)","(352, 1)","(358, 1)","(370, 2)","(383, 3)","(384, 1)","(395, 1)","(398, 1)","(401, 1)","(405, 2)","(407, 1)","(408, 1)","(409, 1)","(410, 2)","(411, 1)","(412, 1)","(413, 1)","(414, 1)","(415, 1)","(416, 1)","(417, 1)","(418, 1)","(419, 1)","(420, 1)","(421, 1)","(422, 1)","(423, 1)","(424, 1)","(425, 1)","(426, 1)","(427, 1)","(428, 1)","(429, 1)","(430, 1)","(431, 1)","(432, 1)","(433, 1)","(434, 2)","(435, 1)","(436, 1)","(437, 1)","(438, 1)","(439, 1)","(440, 2)","(441, 1)","(442, 1)","(443, 3)","(444, 1)","(445, 1)","(446, 1)","(447, 1)","(448, 1)","(449, 1)","(450, 1)","(451, 1)","(452, 2)","(453, 1)","(454, 1)","(455, 1)","(456, 1)","(457, 1)","(458, 2)","(459, 1)","(460, 1)","(461, 1)","(462, 1)","(463, 1)","(464, 3)","(465, 1)","(466, 1)","(467, 1)","(468, 1)","(469, 1)","(470, 1)","(471, 1)","(472, 1)","(473, 1)","(474, 1)","(475, 1)","(476, 1)","(477, 1)","(478, 1)","(479, 1)","(480, 1)","(481, 1)","(482, 3)","(483, 1)","(484, 1)","(485, 1)","(486, 1)","(487, 1)","(488, 1)","(489, 1)","(490, 1)","(491, 1)","(492, 1)","(493, 1)","(494, 1)","(495, 1)","(496, 1)","(497, 3)","(498, 1)","(499, 1)","(500, 1)","(501, 1)","(502, 1)","(503, 1)","(504, 1)","(505, 1)","(506, 1)","(507, 1)","(508, 1)","(509, 1)","(510, 1)","(511, 1)","(512, 2)","(513, 3)","(514, 1)","(515, 1)","(516, 1)","(517, 1)","(518, 2)","(519, 2)","(520, 1)","(521, 1)","(522, 1)","(523, 1)","(524, 1)","(525, 1)","(526, 1)","(527, 1)","(528, 1)","(529, 1)","(530, 1)","(531, 3)","(532, 1)","(533, 1)","(534, 1)","(535, 1)","(536, 1)","(537, 1)","(538, 1)","(539, 1)","(540, 1)","(541, 1)","(542, 1)","(543, 1)"
"(0, 1)","(5, 1)","(15, 1)","(31, 1)","(65, 2)","(91, 1)","(93, 1)","(96, 1)","(103, 1)","(155, 2)","(167, 1)","(178, 1)","(183, 1)","(210, 1)","(220, 3)","(228, 1)","(257, 2)","(308, 2)","(487, 1)","(544, 1)","(545, 1)","(546, 1)","(547, 1)","(548, 1)","(549, 1)","(550, 1)","(551, 1)","(552, 1)","(553, 1)","(554, 1)","(555, 2)","(556, 1)"
"(22, 1)","(43, 1)","(81, 1)","(93, 1)","(158, 1)","(167, 2)","(210, 1)","(228, 1)","(300, 1)","(334, 1)","(352, 1)","(374, 1)","(380, 1)","(398, 1)","(450, 1)","(516, 1)","(517, 1)","(524, 1)","(557, 1)","(558, 1)","(559, 1)","(560, 2)","(561, 1)","(562, 1)","(563, 1)","(564, 1)","(565, 1)","(566, 1)","(567, 1)","(568, 2)","(569, 1)","(570, 1)","(571, 1)","(572, 1)","(573, 1)","(574, 1)"
"(6, 1)","(17, 1)","(35, 1)","(42, 1)","(43, 1)","(56, 2)","(59, 2)","(92, 1)","(123, 1)","(185, 2)","(250, 1)","(256, 1)","(258, 1)","(259, 1)","(278, 2)","(286, 1)","(291, 1)","(335, 1)","(350, 1)","(365, 1)","(570, 1)","(575, 1)","(576, 1)","(577, 1)","(578, 1)","(579, 1)","(580, 1)","(581, 1)","(582, 1)","(583, 1)","(584, 1)"
"(0, 1)","(7, 1)","(27, 1)","(35, 1)","(43, 1)","(44, 1)","(50, 1)","(59, 1)","(61, 1)","(123, 1)","(126, 1)","(143, 1)","(155, 3)","(177, 1)","(182, 1)","(183, 6)","(185, 1)","(203, 1)","(227, 1)","(247, 1)","(249, 1)","(250, 1)","(277, 1)","(281, 1)","(356, 1)","(370, 1)","(430, 1)","(442, 1)","(490, 1)","(544, 2)","(578, 1)","(585, 1)","(586, 1)","(587, 1)","(588, 1)","(589, 1)","(590, 1)","(591, 2)","(592, 3)","(593, 1)","(594, 2)","(595, 1)","(596, 1)","(597, 1)","(598, 1)","(599, 1)","(600, 1)","(601, 1)","(602, 1)","(603, 1)","(604, 1)","(605, 1)","(606, 1)","(607, 1)"
"(0, 2)","(17, 2)","(24, 1)","(43, 1)","(46, 1)","(49, 1)","(64, 1)","(65, 1)","(87, 2)","(99, 2)","(105, 2)","(128, 1)","(131, 1)","(140, 1)","(146, 2)","(155, 1)","(157, 3)","(161, 3)","(176, 1)","(177, 1)","(183, 3)","(184, 2)","(193, 1)","(220, 1)","(256, 1)","(259, 1)","(263, 1)","(274, 2)","(309, 1)","(324, 1)","(334, 1)","(365, 2)","(387, 1)","(410, 2)","(413, 1)","(416, 1)","(428, 1)","(438, 1)","(449, 1)","(454, 1)","(496, 1)","(503, 1)","(514, 1)","(521, 1)","(608, 1)","(609, 1)","(610, 1)","(611, 1)","(612, 1)","(613, 2)","(614, 1)","(615, 1)","(616, 1)","(617, 1)","(618, 1)","(619, 1)","(620, 1)","(621, 1)","(622, 1)","(623, 1)","(624, 1)","(625, 1)","(626, 1)","(627, 1)","(628, 2)","(629, 2)","(630, 1)","(631, 1)","(632, 1)","(633, 2)","(634, 1)","(635, 1)","(636, 1)","(637, 1)","(638, 1)","(639, 1)","(640, 1)","(641, 1)","(642, 1)","(643, 1)","(644, 1)","(645, 1)","(646, 1)","(647, 1)","(648, 1)"
"(3, 1)","(10, 1)","(12, 1)","(17, 1)","(59, 1)","(126, 1)","(158, 2)","(167, 1)","(178, 1)","(214, 1)","(220, 1)","(250, 1)","(259, 1)","(278, 3)","(326, 1)","(356, 1)","(374, 1)","(399, 1)","(403, 1)","(584, 1)","(620, 1)","(649, 2)","(650, 1)","(651, 1)","(652, 1)","(653, 1)","(654, 1)","(655, 1)","(656, 1)","(657, 1)","(658, 1)","(659, 1)","(660, 1)","(661, 1)","(662, 1)"
"(6, 1)","(10, 1)","(12, 2)","(38, 1)","(105, 1)","(125, 1)","(155, 1)","(158, 1)","(183, 1)","(214, 1)","(233, 2)","(242, 1)","(250, 2)","(277, 2)","(350, 1)","(398, 1)","(503, 1)","(505, 1)","(570, 1)","(615, 1)","(619, 1)","(627, 2)","(663, 1)","(664, 2)","(665, 1)","(666, 2)","(667, 1)","(668, 1)","(669, 1)","(670, 1)","(671, 1)","(672, 1)","(673, 2)","(674, 1)","(675, 1)","(676, 1)"
"(0, 1)","(7, 1)","(27, 2)","(28, 2)","(50, 1)","(58, 2)","(74, 1)","(80, 1)","(93, 2)","(97, 1)","(103, 1)","(109, 3)","(126, 1)","(155, 2)","(167, 1)","(175, 2)","(178, 2)","(183, 2)","(193, 1)","(228, 1)","(242, 1)","(250, 10)","(255, 1)","(271, 2)","(277, 1)","(284, 1)","(286, 2)","(300, 1)","(324, 1)","(337, 1)","(365, 1)","(390, 1)","(395, 1)","(398, 2)","(453, 2)","(473, 2)","(475, 1)","(486, 1)","(518, 1)","(541, 1)","(547, 1)","(553, 2)","(574, 2)","(628, 2)","(629, 1)","(667, 5)","(668, 1)","(677, 1)","(678, 1)","(679, 1)","(680, 2)","(681, 1)","(682, 2)","(683, 1)","(684, 1)","(685, 2)","(686, 4)","(687, 1)","(688, 1)","(689, 1)","(690, 1)","(691, 1)","(692, 1)","(693, 1)","(694, 1)","(695, 1)","(696, 1)","(697, 1)","(698, 1)"
"(0, 1)","(5, 1)","(12, 1)","(16, 1)","(18, 1)","(27, 2)","(38, 2)","(43, 2)","(49, 1)","(59, 1)","(85, 2)","(86, 1)","(87, 1)","(88, 1)","(90, 1)","(93, 4)","(96, 1)","(98, 1)","(123, 2)","(138, 1)","(155, 9)","(156, 1)","(158, 3)","(162, 1)","(163, 1)","(164, 2)","(175, 2)","(177, 1)","(178, 1)","(180, 1)","(183, 11)","(189, 1)","(214, 1)","(215, 1)","(216, 2)","(219, 2)","(220, 3)","(224, 2)","(238, 1)","(247, 2)","(251, 1)","(259, 2)","(277, 1)","(278, 2)","(279, 1)","(280, 3)","(290, 1)","(298, 1)","(305, 1)","(328, 1)","(333, 1)","(344, 1)","(357, 1)","(362, 2)","(370, 1)","(374, 3)","(378, 1)","(383, 1)","(396, 1)","(424, 1)","(434, 1)","(444, 1)","(449, 1)","(464, 1)","(489, 1)","(494, 1)","(505, 1)","(516, 2)","(517, 1)","(532, 2)","(549, 1)","(553, 1)","(578, 1)","(581, 1)","(598, 1)","(600, 2)","(612, 1)","(614, 2)","(617, 1)","(619, 2)","(629, 1)","(638, 1)","(641, 1)","(650, 1)","(690, 1)","(699, 1)","(700, 1)","(701, 1)","(702, 2)","(703, 2)","(704, 1)","(705, 1)","(706, 1)","(707, 2)","(708, 1)","(709, 1)","(710, 1)","(711, 1)","(712, 1)","(713, 1)","(714, 1)","(715, 1)","(716, 1)","(717, 1)","(718, 1)","(719, 1)","(720, 1)","(721, 1)","(722, 1)","(723, 1)","(724, 1)","(725, 1)","(726, 1)","(727, 1)","(728, 1)","(729, 1)","(730, 1)","(731, 1)","(732, 1)","(733, 1)","(734, 2)","(735, 1)","(736, 1)","(737, 1)","(738, 1)","(739, 1)","(740, 1)","(741, 1)","(742, 1)","(743, 1)","(744, 1)","(745, 1)","(746, 1)","(747, 1)","(748, 1)","(749, 1)","(750, 1)","(751, 1)","(752, 1)","(753, 1)","(754, 1)","(755, 1)","(756, 1)","(757, 1)","(758, 1)","(759, 1)","(760, 1)","(761, 1)","(762, 1)","(763, 1)","(764, 1)","(765, 1)","(766, 1)","(767, 1)","(768, 2)"
"(43, 1)","(87, 1)","(93, 1)","(96, 1)","(97, 1)","(155, 1)","(234, 1)","(242, 1)","(249, 1)","(256, 1)","(261, 1)","(269, 1)","(271, 1)","(401, 1)","(503, 1)","(753, 1)","(769, 1)","(770, 1)","(771, 1)","(772, 1)","(773, 2)","(774, 1)","(775, 1)","(776, 1)","(777, 1)","(778, 1)","(779, 1)","(780, 1)","(781, 1)","(782, 1)"
"(2, 2)","(3, 1)","(4, 1)","(16, 1)","(27, 1)","(28, 1)","(35, 1)","(40, 2)","(43, 4)","(56, 4)","(58, 3)","(74, 1)","(76, 1)","(78, 2)","(81, 2)","(85, 1)","(86, 1)","(87, 2)","(88, 1)","(91, 1)","(97, 4)","(104, 3)","(105, 1)","(109, 1)","(117, 2)","(121, 1)","(136, 1)","(137, 1)","(155, 3)","(157, 1)","(158, 1)","(165, 1)","(166, 2)","(167, 1)","(171, 1)","(177, 1)","(178, 2)","(180, 1)","(183, 5)","(185, 2)","(199, 1)","(203, 2)","(213, 1)","(226, 1)","(238, 1)","(242, 1)","(247, 1)","(248, 1)","(249, 2)","(255, 1)","(258, 1)","(259, 2)","(270, 1)","(274, 2)","(278, 1)","(282, 1)","(287, 1)","(314, 1)","(318, 1)","(341, 1)","(352, 1)","(357, 1)","(358, 3)","(374, 2)","(398, 2)","(399, 2)","(404, 2)","(413, 1)","(420, 1)","(448, 1)","(454, 1)","(460, 1)","(465, 2)","(488, 1)","(494, 1)","(497, 1)","(516, 5)","(523, 2)","(537, 2)","(542, 1)","(546, 1)","(560, 1)","(572, 1)","(577, 3)","(578, 1)","(614, 1)","(619, 1)","(628, 1)","(638, 1)","(641, 1)","(655, 1)","(669, 2)","(684, 1)","(737, 1)","(751, 1)","(770, 1)","(775, 1)","(783, 1)","(784, 1)","(785, 1)","(786, 1)","(787, 1)","(788, 1)","(789, 1)","(790, 1)","(791, 1)","(792, 1)","(793, 2)","(794, 1)","(795, 1)","(796, 1)","(797, 1)","(798, 1)","(799, 1)","(800, 1)","(801, 1)","(802, 1)","(803, 1)","(804, 1)","(805, 2)","(806, 1)","(807, 1)","(808, 1)","(809, 1)","(810, 1)","(811, 1)","(812, 1)","(813, 1)","(814, 1)","(815, 2)","(816, 1)","(817, 1)","(818, 1)","(819, 1)","(820, 1)","(821, 1)","(822, 1)","(823, 1)","(824, 1)","(825, 1)","(826, 1)","(827, 1)","(828, 1)","(829, 1)","(830, 1)","(831, 3)","(832, 1)","(833, 1)","(834, 1)","(835, 2)","(836, 1)","(837, 1)","(838, 2)","(839, 1)","(840, 3)","(841, 1)","(842, 1)","(843, 1)","(844, 2)","(845, 1)","(846, 2)","(847, 1)","(848, 1)","(849, 1)","(850, 1)","(851, 1)","(852, 2)","(853, 1)","(854, 1)","(855, 1)","(856, 1)","(857, 1)","(858, 1)","(859, 1)","(860, 1)","(861, 1)","(862, 1)","(863, 3)","(864, 1)","(865, 1)"
"(3, 1)","(7, 1)","(17, 1)","(44, 1)","(49, 1)","(56, 1)","(59, 2)","(77, 1)","(81, 1)","(149, 1)","(155, 3)","(158, 4)","(159, 1)","(181, 2)","(183, 1)","(189, 1)","(210, 1)","(213, 2)","(250, 1)","(257, 1)","(258, 1)","(259, 1)","(294, 1)","(300, 1)","(301, 2)","(320, 1)","(342, 1)","(356, 1)","(362, 3)","(374, 2)","(401, 1)","(436, 1)","(450, 1)","(465, 1)","(478, 1)","(516, 1)","(565, 2)","(572, 1)","(577, 1)","(669, 1)","(716, 1)","(764, 1)","(830, 1)","(841, 1)","(859, 1)","(866, 1)","(867, 1)","(868, 1)","(869, 1)","(870, 1)","(871, 1)","(872, 1)","(873, 1)","(874, 1)","(875, 1)","(876, 3)","(877, 1)","(878, 1)","(879, 1)","(880, 1)","(881, 1)","(882, 1)","(883, 1)","(884, 1)","(885, 1)","(886, 1)","(887, 1)","(888, 1)","(889, 1)","(890, 1)","(891, 1)","(892, 1)","(893, 2)"
"(5, 1)","(27, 3)","(40, 1)","(49, 1)","(50, 1)","(119, 1)","(176, 2)","(178, 1)","(213, 1)","(259, 2)","(277, 2)","(278, 1)","(300, 1)","(301, 1)","(398, 1)","(424, 1)","(557, 1)","(579, 1)","(700, 1)","(731, 1)","(894, 1)","(895, 1)","(896, 1)","(897, 1)","(898, 1)","(899, 1)","(900, 1)","(901, 1)","(902, 3)","(903, 1)","(904, 1)","(905, 1)"
"(0, 1)","(4, 1)","(6, 4)","(12, 1)","(35, 1)","(40, 1)","(49, 1)","(58, 2)","(80, 1)","(96, 1)","(97, 1)","(104, 1)","(105, 1)","(118, 1)","(141, 1)","(143, 1)","(163, 1)","(174, 1)","(183, 1)","(189, 1)","(211, 1)","(220, 1)","(227, 1)","(254, 2)","(257, 1)","(258, 1)","(278, 1)","(324, 2)","(350, 1)","(356, 1)","(357, 1)","(359, 1)","(365, 2)","(424, 1)","(438, 1)","(444, 1)","(464, 1)","(471, 1)","(483, 1)","(518, 1)","(537, 1)","(558, 1)","(579, 1)","(599, 1)","(683, 1)","(698, 1)","(702, 1)","(906, 1)","(907, 1)","(908, 1)","(909, 1)","(910, 1)","(911, 2)","(912, 1)","(913, 1)","(914, 1)","(915, 1)","(916, 1)","(917, 1)","(918, 1)","(919, 1)","(920, 1)","(921, 1)","(922, 1)","(923, 1)","(924, 1)","(925, 1)","(926, 1)","(927, 1)","(928, 1)"
"(0, 2)","(5, 1)","(6, 2)","(12, 1)","(17, 1)","(24, 1)","(31, 1)","(34, 1)","(36, 1)","(37, 1)","(43, 1)","(46, 1)","(49, 1)","(56, 1)","(58, 2)","(64, 1)","(65, 5)","(79, 1)","(81, 2)","(85, 1)","(88, 2)","(89, 1)","(93, 1)","(97, 2)","(104, 1)","(105, 2)","(107, 1)","(109, 2)","(112, 1)","(121, 1)","(125, 1)","(126, 4)","(127, 1)","(141, 1)","(142, 1)","(144, 1)","(151, 1)","(155, 1)","(158, 1)","(161, 1)","(167, 1)","(176, 3)","(178, 5)","(180, 1)","(183, 4)","(189, 1)","(198, 1)","(210, 2)","(214, 1)","(219, 1)","(220, 1)","(222, 1)","(228, 1)","(230, 1)","(234, 3)","(242, 2)","(245, 2)","(247, 1)","(249, 1)","(250, 2)","(259, 1)","(265, 3)","(274, 1)","(277, 1)","(278, 1)","(286, 1)","(309, 2)","(314, 1)","(327, 4)","(333, 1)","(338, 1)","(341, 1)","(355, 1)","(357, 2)","(362, 1)","(369, 1)","(372, 1)","(374, 1)","(391, 1)","(394, 2)","(398, 1)","(403, 1)","(413, 1)","(415, 1)","(419, 1)","(428, 1)","(436, 1)","(438, 1)","(454, 2)","(464, 3)","(483, 1)","(513, 2)","(514, 1)","(515, 1)","(516, 2)","(518, 1)","(521, 1)","(525, 1)","(534, 1)","(547, 1)","(557, 1)","(570, 2)","(619, 1)","(625, 1)","(656, 1)","(657, 1)","(672, 1)","(677, 2)","(680, 1)","(690, 1)","(725, 2)","(742, 1)","(768, 1)","(793, 1)","(824, 1)","(858, 1)","(874, 1)","(876, 1)","(881, 1)","(903, 1)","(912, 1)","(926, 1)","(929, 1)","(930, 1)","(931, 1)","(932, 1)","(933, 1)","(934, 1)","(935, 1)","(936, 1)","(937, 2)","(938, 1)","(939, 1)","(940, 1)","(941, 2)","(942, 2)","(943, 1)","(944, 1)","(945, 1)","(946, 1)","(947, 1)","(948, 1)","(949, 1)","(950, 1)","(951, 1)","(952, 1)","(953, 1)","(954, 1)","(955, 1)","(956, 1)","(957, 1)","(958, 1)","(959, 1)","(960, 1)","(961, 1)","(962, 2)","(963, 1)","(964, 1)","(965, 1)","(966, 1)","(967, 1)","(968, 1)","(969, 1)","(970, 1)","(971, 1)","(972, 1)","(973, 1)","(974, 1)","(975, 1)"
"(12, 1)","(36, 1)","(49, 1)","(121, 1)","(155, 1)","(173, 1)","(177, 2)","(180, 1)","(183, 1)","(189, 1)","(203, 1)","(215, 1)","(250, 1)","(253, 1)","(256, 1)","(259, 1)","(279, 1)","(333, 1)","(399, 1)","(401, 1)","(487, 1)","(556, 1)","(656, 1)","(976, 1)","(977, 1)","(978, 1)","(979, 1)","(980, 1)"
"(0, 1)","(38, 1)","(44, 1)","(49, 1)","(65, 1)","(93, 1)","(96, 1)","(101, 1)","(104, 4)","(137, 1)","(158, 1)","(164, 1)","(167, 1)","(178, 2)","(183, 1)","(185, 3)","(214, 1)","(220, 1)","(233, 2)","(249, 2)","(256, 2)","(257, 1)","(258, 1)","(274, 1)","(301, 1)","(320, 1)","(394, 1)","(402, 1)","(409, 1)","(436, 1)","(496, 1)","(561, 1)","(575, 1)","(683, 1)","(693, 1)","(724, 1)","(749, 1)","(753, 2)","(762, 1)","(797, 1)","(819, 2)","(824, 1)","(840, 2)","(852, 2)","(862, 1)","(923, 1)","(944, 1)","(981, 1)","(982, 1)","(983, 1)","(984, 1)","(985, 1)","(986, 1)","(987, 1)","(988, 1)","(989, 1)"
"(21, 1)","(81, 2)","(97, 1)","(101, 1)","(158, 1)","(161, 1)","(185, 1)","(188, 1)","(203, 1)","(242, 1)","(256, 1)","(274, 1)","(287, 1)","(339, 1)","(357, 1)","(374, 1)","(512, 2)","(518, 1)","(570, 1)","(586, 1)","(690, 1)","(730, 1)","(840, 1)","(874, 1)","(916, 1)","(990, 1)","(991, 1)","(992, 1)","(993, 1)","(994, 1)","(995, 1)"
"(12, 1)","(49, 2)","(50, 1)","(56, 1)","(59, 1)","(80, 1)","(99, 1)","(103, 1)","(117, 1)","(161, 1)","(178, 2)","(183, 2)","(242, 1)","(253, 1)","(254, 1)","(259, 2)","(271, 1)","(278, 1)","(281, 1)","(300, 2)","(350, 1)","(374, 1)","(381, 1)","(409, 1)","(508, 1)","(577, 1)","(584, 1)","(600, 1)","(620, 1)","(706, 2)","(719, 1)","(737, 2)","(841, 2)","(850, 1)","(996, 1)","(997, 1)","(998, 1)","(999, 1)","(1000, 1)","(1001, 1)","(1002, 1)","(1003, 1)","(1004, 1)"
"(3, 1)","(5, 1)","(27, 1)","(42, 1)","(43, 2)","(48, 1)","(65, 1)","(97, 1)","(104, 2)","(111, 1)","(161, 1)","(162, 1)","(180, 1)","(214, 1)","(220, 1)","(234, 1)","(247, 1)","(250, 1)","(257, 1)","(270, 2)","(300, 1)","(314, 1)","(344, 1)","(374, 1)","(575, 1)","(586, 1)","(594, 1)","(619, 1)","(621, 1)","(644, 1)","(737, 1)","(750, 1)","(768, 1)","(815, 2)","(946, 1)","(1005, 1)","(1006, 1)","(1007, 1)","(1008, 2)","(1009, 1)","(1010, 1)","(1011, 1)","(1012, 2)","(1013, 2)","(1014, 1)"
"(5, 1)","(6, 3)","(27, 1)","(33, 2)","(38, 1)","(49, 1)","(56, 1)","(58, 1)","(95, 1)","(96, 1)","(127, 1)","(182, 1)","(210, 2)","(234, 1)","(242, 1)","(245, 2)","(251, 1)","(270, 1)","(277, 2)","(322, 1)","(323, 1)","(334, 1)","(356, 1)","(370, 1)","(487, 1)","(516, 1)","(517, 1)","(545, 1)","(549, 1)","(579, 1)","(621, 1)","(679, 1)","(749, 1)","(815, 1)","(841, 1)","(1015, 1)","(1016, 2)","(1017, 1)","(1018, 1)","(1019, 1)","(1020, 1)","(1021, 1)","(1022, 1)","(1023, 1)"
"(0, 2)","(3, 2)","(17, 1)","(20, 1)","(42, 3)","(49, 1)","(58, 1)","(81, 1)","(85, 1)","(93, 4)","(97, 2)","(107, 1)","(109, 2)","(120, 1)","(137, 3)","(139, 1)","(142, 1)","(155, 1)","(158, 2)","(161, 1)","(164, 1)","(175, 2)","(176, 1)","(183, 1)","(203, 1)","(211, 1)","(220, 2)","(231, 1)","(247, 1)","(250, 3)","(256, 2)","(259, 3)","(261, 1)","(269, 1)","(273, 1)","(274, 4)","(278, 1)","(295, 1)","(352, 1)","(356, 1)","(370, 1)","(382, 1)","(403, 1)","(407, 1)","(413, 2)","(453, 1)","(464, 2)","(486, 1)","(496, 1)","(503, 1)","(505, 1)","(517, 3)","(518, 1)","(525, 2)","(528, 1)","(535, 1)","(581, 1)","(584, 1)","(589, 1)","(673, 1)","(681, 1)","(690, 1)","(701, 2)","(705, 1)","(737, 2)","(742, 1)","(752, 1)","(803, 1)","(870, 1)","(881, 1)","(923, 1)","(944, 1)","(960, 1)","(992, 1)","(1001, 1)","(1008, 1)","(1014, 1)","(1024, 1)","(1025, 1)","(1026, 1)","(1027, 1)","(1028, 1)","(1029, 1)","(1030, 1)","(1031, 1)","(1032, 1)","(1033, 1)","(1034, 1)","(1035, 1)","(1036, 1)","(1037, 1)","(1038, 1)","(1039, 1)","(1040, 1)","(1041, 1)","(1042, 1)","(1043, 1)","(1044, 1)","(1045, 1)","(1046, 2)","(1047, 1)","(1048, 1)","(1049, 1)","(1050, 1)","(1051, 1)","(1052, 1)"
"(22, 1)","(97, 2)","(103, 2)","(162, 1)","(167, 1)","(178, 1)","(199, 1)","(256, 1)","(274, 1)","(286, 1)","(307, 1)","(423, 2)","(443, 1)","(518, 1)","(949, 1)","(1052, 2)","(1053, 1)","(1054, 1)","(1055, 3)","(1056, 1)","(1057, 1)","(1058, 2)","(1059, 2)"
"(44, 1)","(49, 1)","(50, 1)","(58, 1)","(65, 3)","(74, 2)","(80, 1)","(96, 1)","(97, 2)","(103, 1)","(109, 7)","(117, 1)","(123, 1)","(125, 1)","(127, 1)","(146, 1)","(149, 1)","(154, 1)","(155, 1)","(161, 1)","(162, 1)","(175, 1)","(177, 1)","(178, 2)","(220, 2)","(241, 1)","(246, 1)","(257, 2)","(274, 1)","(295, 1)","(300, 2)","(314, 1)","(338, 2)","(342, 2)","(356, 1)","(362, 1)","(393, 1)","(403, 2)","(409, 1)","(436, 2)","(453, 1)","(473, 1)","(484, 1)","(489, 1)","(549, 1)","(556, 1)","(557, 3)","(558, 1)","(578, 1)","(649, 1)","(695, 2)","(753, 1)","(760, 2)","(773, 2)","(815, 1)","(821, 1)","(1020, 1)","(1037, 1)","(1044, 1)","(1054, 3)","(1056, 1)","(1059, 3)","(1060, 1)","(1061, 3)","(1062, 1)","(1063, 1)","(1064, 1)","(1065, 1)","(1066, 1)","(1067, 1)","(1068, 1)","(1069, 1)","(1070, 1)","(1071, 1)","(1072, 1)","(1073, 1)","(1074, 1)","(1075, 1)","(1076, 1)","(1077, 1)","(1078, 2)","(1079, 1)","(1080, 1)"
"(5, 1)","(6, 3)","(17, 1)","(35, 1)","(58, 1)","(65, 1)","(105, 1)","(128, 2)","(158, 1)","(173, 1)","(193, 1)","(216, 1)","(245, 1)","(287, 1)","(395, 2)","(487, 2)","(501, 1)","(517, 2)","(561, 1)","(586, 3)","(625, 1)","(657, 1)","(773, 2)","(880, 1)","(1054, 1)","(1055, 2)","(1056, 1)","(1059, 1)","(1061, 1)","(1081, 1)","(1082, 1)","(1083, 1)","(1084, 1)","(1085, 1)","(1086, 1)","(1087, 1)","(1088, 2)","(1089, 1)"
"(5, 1)","(27, 1)","(42, 1)","(44, 1)","(49, 2)","(56, 2)","(93, 1)","(139, 1)","(155, 1)","(158, 3)","(175, 1)","(178, 2)","(210, 2)","(222, 1)","(271, 1)","(287, 1)","(374, 1)","(382, 1)","(408, 1)","(416, 1)","(463, 1)","(483, 1)","(578, 1)","(589, 1)","(617, 1)","(638, 2)","(770, 1)","(881, 1)","(966, 3)","(992, 2)","(1008, 1)","(1026, 2)","(1052, 1)","(1054, 6)","(1055, 3)","(1059, 1)","(1065, 1)","(1069, 1)","(1078, 1)","(1090, 1)","(1091, 1)","(1092, 1)","(1093, 1)","(1094, 1)","(1095, 1)","(1096, 1)","(1097, 1)","(1098, 1)","(1099, 1)","(1100, 1)","(1101, 1)","(1102, 2)","(1103, 1)","(1104, 1)","(1105, 1)","(1106, 1)","(1107, 1)","(1108, 1)","(1109, 1)","(1110, 1)","(1111, 1)","(1112, 1)","(1113, 1)","(1114, 1)","(1115, 1)","(1116, 1)"
"(3, 1)","(5, 1)","(31, 2)","(42, 3)","(43, 1)","(64, 2)","(65, 2)","(103, 1)","(109, 1)","(139, 2)","(146, 1)","(162, 3)","(211, 3)","(220, 2)","(222, 2)","(224, 1)","(230, 1)","(249, 1)","(286, 1)","(395, 1)","(412, 1)","(427, 2)","(436, 2)","(447, 1)","(516, 1)","(586, 1)","(592, 1)","(669, 1)","(768, 1)","(781, 1)","(844, 1)","(1003, 1)","(1054, 8)","(1055, 3)","(1061, 1)","(1064, 1)","(1086, 1)","(1090, 2)","(1096, 1)","(1099, 1)","(1103, 3)","(1104, 1)","(1116, 1)","(1117, 1)","(1118, 1)","(1119, 1)","(1120, 1)","(1121, 1)","(1122, 1)","(1123, 1)","(1124, 1)","(1125, 2)","(1126, 1)","(1127, 1)","(1128, 1)","(1129, 1)","(1130, 2)","(1131, 1)"
"(0, 1)","(6, 1)","(8, 1)","(22, 1)","(38, 1)","(39, 1)","(48, 1)","(59, 1)","(76, 1)","(77, 1)","(95, 1)","(97, 2)","(101, 1)","(103, 1)","(128, 2)","(137, 2)","(152, 3)","(158, 2)","(164, 1)","(185, 1)","(199, 2)","(203, 1)","(245, 4)","(253, 1)","(254, 1)","(259, 1)","(270, 1)","(278, 1)","(280, 1)","(300, 2)","(305, 1)","(342, 1)","(358, 1)","(436, 1)","(463, 1)","(464, 3)","(478, 1)","(494, 1)","(526, 1)","(549, 1)","(551, 1)","(556, 1)","(579, 1)","(587, 1)","(592, 2)","(619, 1)","(638, 1)","(667, 1)","(693, 1)","(709, 1)","(716, 1)","(747, 2)","(752, 1)","(758, 1)","(761, 2)","(773, 1)","(775, 1)","(779, 1)","(782, 1)","(881, 2)","(911, 1)","(914, 1)","(925, 1)","(949, 1)","(975, 1)","(1008, 1)","(1035, 1)","(1052, 2)","(1054, 10)","(1055, 4)","(1059, 2)","(1061, 1)","(1065, 1)","(1087, 1)","(1091, 1)","(1099, 1)","(1101, 1)","(1104, 1)","(1106, 1)","(1108, 1)","(1110, 1)","(1132, 1)","(1133, 1)","(1134, 1)","(1135, 1)","(1136, 1)","(1137, 1)","(1138, 1)","(1139, 1)","(1140, 1)","(1141, 1)","(1142, 1)","(1143, 1)","(1144, 1)","(1145, 1)","(1146, 1)","(1147, 1)","(1148, 1)","(1149, 1)","(1150, 1)","(1151, 1)","(1152, 1)","(1153, 1)","(1154, 1)","(1155, 1)","(1156, 1)","(1157, 1)","(1158, 1)","(1159, 2)","(1160, 1)","(1161, 1)","(1162, 1)","(1163, 1)","(1164, 1)","(1165, 1)","(1166, 1)","(1167, 1)","(1168, 1)","(1169, 1)","(1170, 1)","(1171, 1)","(1172, 1)","(1173, 1)","(1174, 1)","(1175, 1)"
"(3, 1)","(6, 1)","(35, 1)","(36, 1)","(39, 1)","(40, 1)","(44, 1)","(49, 2)","(50, 2)","(56, 1)","(65, 2)","(85, 1)","(109, 1)","(131, 1)","(178, 3)","(216, 1)","(219, 1)","(230, 3)","(249, 1)","(256, 1)","(257, 1)","(266, 1)","(274, 1)","(291, 1)","(325, 1)","(338, 2)","(342, 1)","(345, 1)","(350, 1)","(359, 1)","(361, 1)","(374, 1)","(380, 1)","(412, 2)","(471, 2)","(487, 2)","(516, 1)","(552, 1)","(565, 1)","(577, 1)","(628, 1)","(650, 1)","(681, 1)","(708, 1)","(773, 1)","(812, 2)","(823, 1)","(869, 1)","(940, 1)","(1044, 1)","(1048, 1)","(1052, 1)","(1054, 5)","(1055, 4)","(1056, 1)","(1059, 4)","(1061, 2)","(1090, 1)","(1092, 2)","(1095, 1)","(1099, 1)","(1101, 1)","(1103, 1)","(1104, 2)","(1108, 1)","(1109, 1)","(1127, 1)","(1140, 3)","(1144, 1)","(1147, 1)","(1155, 2)","(1169, 1)","(1176, 1)","(1177, 1)","(1178, 1)","(1179, 1)","(1180, 1)","(1181, 1)","(1182, 1)","(1183, 1)","(1184, 1)","(1185, 1)","(1186, 1)","(1187, 3)","(1188, 1)","(1189, 1)","(1190, 1)","(1191, 1)","(1192, 1)","(1193, 1)","(1194, 1)","(1195, 1)","(1196, 1)","(1197, 1)","(1198, 1)","(1199, 1)","(1200, 1)","(1201, 2)","(1202, 2)","(1203, 1)","(1204, 3)","(1205, 1)","(1206, 1)","(1207, 1)"
"(11, 3)","(31, 2)","(48, 1)","(49, 4)","(56, 1)","(58, 1)","(59, 1)","(65, 3)","(109, 1)","(118, 1)","(126, 1)","(158, 2)","(167, 3)","(174, 2)","(177, 1)","(178, 1)","(209, 1)","(210, 1)","(215, 1)","(216, 2)","(227, 1)","(259, 4)","(267, 2)","(281, 2)","(286, 1)","(294, 1)","(295, 1)","(314, 1)","(322, 1)","(342, 2)","(352, 1)","(355, 1)","(403, 1)","(438, 1)","(464, 1)","(487, 1)","(488, 1)","(507, 1)","(528, 1)","(543, 1)","(584, 1)","(592, 2)","(599, 1)","(605, 1)","(634, 1)","(636, 1)","(651, 1)","(763, 1)","(768, 3)","(778, 1)","(788, 1)","(832, 1)","(840, 1)","(923, 1)","(1020, 2)","(1054, 30)","(1055, 10)","(1056, 3)","(1059, 4)","(1061, 3)","(1078, 2)","(1088, 1)","(1090, 1)","(1092, 1)","(1094, 1)","(1099, 1)","(1100, 1)","(1101, 6)","(1103, 1)","(1108, 1)","(1144, 1)","(1147, 1)","(1152, 1)","(1177, 1)","(1183, 2)","(1208, 1)","(1209, 1)","(1210, 1)","(1211, 1)","(1212, 1)","(1213, 1)","(1214, 1)","(1215, 1)","(1216, 2)","(1217, 2)","(1218, 1)","(1219, 1)","(1220, 2)","(1221, 1)","(1222, 1)","(1223, 2)","(1224, 1)","(1225, 1)","(1226, 1)","(1227, 1)","(1228, 1)","(1229, 1)","(1230, 1)","(1231, 1)","(1232, 1)","(1233, 2)","(1234, 1)","(1235, 1)","(1236, 1)","(1237, 2)","(1238, 1)","(1239, 2)","(1240, 1)","(1241, 1)","(1242, 1)","(1243, 1)","(1244, 1)","(1245, 1)","(1246, 1)","(1247, 1)"
"(3, 1)","(6, 1)","(8, 1)","(39, 1)","(40, 1)","(95, 2)","(103, 3)","(161, 1)","(178, 1)","(210, 1)","(216, 1)","(254, 1)","(291, 1)","(294, 1)","(342, 1)","(387, 1)","(463, 1)","(574, 2)","(638, 1)","(676, 1)","(773, 1)","(831, 1)","(844, 1)","(1054, 1)","(1055, 1)","(1073, 1)","(1076, 2)","(1080, 1)","(1100, 1)","(1103, 1)","(1116, 1)","(1248, 1)","(1249, 1)","(1250, 1)","(1251, 1)"
"(3, 1)","(5, 1)","(7, 1)","(27, 2)","(33, 1)","(34, 1)","(47, 1)","(49, 2)","(65, 1)","(76, 2)","(97, 5)","(98, 1)","(103, 1)","(105, 1)","(109, 1)","(117, 1)","(121, 1)","(143, 1)","(149, 1)","(160, 1)","(167, 1)","(189, 1)","(193, 1)","(203, 1)","(222, 1)","(230, 1)","(240, 1)","(245, 1)","(263, 1)","(278, 1)","(287, 1)","(289, 1)","(294, 1)","(325, 1)","(334, 1)","(338, 1)","(344, 1)","(347, 1)","(356, 2)","(359, 2)","(368, 1)","(382, 1)","(395, 1)","(434, 1)","(436, 2)","(448, 1)","(487, 1)","(488, 1)","(494, 1)","(516, 1)","(547, 1)","(549, 1)","(584, 1)","(599, 1)","(628, 1)","(638, 1)","(639, 1)","(650, 1)","(691, 1)","(695, 2)","(709, 1)","(749, 1)","(761, 1)","(775, 1)","(778, 1)","(787, 1)","(822, 1)","(868, 2)","(914, 1)","(925, 2)","(954, 1)","(995, 1)","(1020, 1)","(1054, 5)","(1055, 1)","(1076, 1)","(1078, 1)","(1090, 1)","(1099, 2)","(1100, 2)","(1101, 2)","(1103, 1)","(1104, 1)","(1107, 1)","(1113, 1)","(1116, 1)","(1130, 1)","(1140, 1)","(1147, 1)","(1148, 1)","(1169, 1)","(1187, 1)","(1191, 1)","(1193, 2)","(1219, 1)","(1228, 1)","(1229, 1)","(1232, 1)","(1237, 1)","(1240, 1)","(1252, 1)","(1253, 1)","(1254, 1)","(1255, 1)","(1256, 1)","(1257, 1)","(1258, 1)","(1259, 1)","(1260, 1)","(1261, 2)","(1262, 1)","(1263, 1)","(1264, 1)","(1265, 1)","(1266, 1)","(1267, 1)","(1268, 1)","(1269, 1)","(1270, 1)","(1271, 1)","(1272, 1)","(1273, 1)","(1274, 1)","(1275, 1)","(1276, 1)","(1277, 1)","(1278, 1)","(1279, 1)","(1280, 1)","(1281, 1)","(1282, 1)","(1283, 1)","(1284, 1)","(1285, 1)","(1286, 1)","(1287, 1)","(1288, 1)","(1289, 1)","(1290, 1)","(1291, 1)","(1292, 1)","(1293, 1)","(1294, 1)","(1295, 1)","(1296, 1)","(1297, 1)","(1298, 1)","(1299, 1)","(1300, 1)","(1301, 1)","(1302, 1)","(1303, 1)","(1304, 1)","(1305, 1)","(1306, 1)","(1307, 1)","(1308, 1)","(1309, 1)","(1310, 1)","(1311, 1)","(1312, 1)","(1313, 1)","(1314, 1)","(1315, 1)","(1316, 1)","(1317, 1)","(1318, 1)","(1319, 1)","(1320, 1)","(1321, 1)","(1322, 1)"
"(3, 3)","(4, 2)","(7, 2)","(13, 2)","(22, 1)","(27, 1)","(35, 1)","(49, 1)","(50, 1)","(58, 4)","(65, 1)","(87, 1)","(97, 3)","(98, 2)","(99, 2)","(105, 2)","(109, 2)","(118, 1)","(128, 2)","(137, 5)","(149, 1)","(150, 1)","(162, 1)","(166, 1)","(203, 1)","(210, 1)","(213, 1)","(216, 1)","(222, 1)","(224, 2)","(227, 3)","(230, 4)","(233, 4)","(245, 1)","(247, 1)","(253, 1)","(254, 3)","(256, 1)","(259, 1)","(265, 1)","(274, 2)","(280, 3)","(281, 1)","(300, 2)","(308, 1)","(311, 1)","(333, 1)","(341, 1)","(357, 1)","(362, 1)","(374, 3)","(400, 1)","(406, 1)","(420, 1)","(427, 1)","(436, 4)","(438, 3)","(447, 1)","(453, 3)","(464, 2)","(496, 1)","(499, 1)","(518, 1)","(521, 1)","(525, 1)","(544, 1)","(557, 1)","(561, 1)","(574, 1)","(575, 1)","(578, 1)","(579, 2)","(592, 1)","(594, 1)","(600, 1)","(628, 1)","(638, 2)","(648, 1)","(667, 1)","(690, 1)","(715, 1)","(718, 2)","(749, 1)","(760, 1)","(763, 1)","(768, 1)","(773, 1)","(831, 2)","(833, 1)","(855, 1)","(858, 1)","(862, 1)","(881, 1)","(889, 1)","(968, 1)","(992, 1)","(1031, 1)","(1041, 1)","(1047, 2)","(1054, 10)","(1055, 4)","(1059, 2)","(1061, 3)","(1064, 1)","(1076, 1)","(1089, 1)","(1094, 3)","(1099, 1)","(1101, 3)","(1108, 1)","(1109, 3)","(1122, 6)","(1130, 1)","(1135, 1)","(1140, 3)","(1144, 2)","(1147, 4)","(1157, 1)","(1166, 1)","(1167, 2)","(1183, 1)","(1185, 1)","(1193, 3)","(1204, 1)","(1245, 1)","(1257, 1)","(1262, 1)","(1270, 1)","(1271, 1)","(1282, 1)","(1323, 2)","(1324, 1)","(1325, 1)","(1326, 1)","(1327, 1)","(1328, 1)","(1329, 1)","(1330, 1)","(1331, 1)","(1332, 1)","(1333, 1)","(1334, 1)","(1335, 1)","(1336, 1)","(1337, 1)","(1338, 1)","(1339, 1)","(1340, 1)","(1341, 2)","(1342, 1)","(1343, 1)","(1344, 1)","(1345, 1)","(1346, 1)","(1347, 1)","(1348, 1)","(1349, 1)","(1350, 1)","(1351, 1)","(1352, 1)","(1353, 1)","(1354, 1)","(1355, 1)","(1356, 1)","(1357, 1)","(1358, 1)","(1359, 3)","(1360, 1)","(1361, 1)","(1362, 1)","(1363, 1)","(1364, 1)","(1365, 1)","(1366, 1)","(1367, 1)","(1368, 1)","(1369, 1)","(1370, 2)","(1371, 1)","(1372, 1)","(1373, 1)","(1374, 1)","(1375, 1)","(1376, 1)","(1377, 1)","(1378, 1)","(1379, 1)","(1380, 1)","(1381, 1)"
"(4, 1)","(7, 3)","(35, 1)","(36, 2)","(43, 4)","(44, 3)","(49, 1)","(58, 2)","(59, 1)","(65, 1)","(74, 1)","(91, 2)","(96, 1)","(97, 2)","(109, 1)","(110, 1)","(137, 2)","(139, 1)","(148, 1)","(177, 1)","(178, 1)","(181, 1)","(185, 1)","(210, 3)","(245, 1)","(255, 1)","(256, 4)","(257, 2)","(259, 4)","(265, 2)","(274, 1)","(278, 2)","(281, 1)","(300, 1)","(303, 1)","(338, 1)","(350, 1)","(352, 2)","(357, 1)","(362, 3)","(383, 1)","(393, 1)","(399, 2)","(403, 1)","(413, 1)","(416, 1)","(464, 2)","(489, 2)","(516, 1)","(541, 1)","(561, 1)","(570, 1)","(586, 1)","(621, 1)","(638, 2)","(649, 3)","(669, 4)","(675, 2)","(690, 1)","(731, 1)","(740, 1)","(840, 1)","(916, 1)","(977, 1)","(1047, 1)","(1054, 3)","(1055, 2)","(1056, 3)","(1061, 4)","(1076, 1)","(1089, 2)","(1099, 3)","(1100, 2)","(1103, 2)","(1104, 2)","(1116, 2)","(1122, 2)","(1148, 1)","(1193, 1)","(1310, 1)","(1382, 1)","(1383, 1)","(1384, 1)","(1385, 2)","(1386, 1)","(1387, 1)","(1388, 1)","(1389, 1)","(1390, 1)","(1391, 1)","(1392, 1)","(1393, 1)","(1394, 2)","(1395, 2)","(1396, 1)","(1397, 1)","(1398, 1)","(1399, 2)"
"(3, 1)","(5, 1)","(6, 2)","(7, 2)","(13, 1)","(17, 1)","(27, 1)","(35, 1)","(36, 1)","(40, 1)","(42, 1)","(49, 1)","(50, 1)","(65, 1)","(74, 1)","(88, 1)","(95, 1)","(97, 1)","(103, 1)","(109, 2)","(162, 1)","(163, 2)","(174, 1)","(175, 1)","(185, 1)","(210, 1)","(211, 1)","(230, 2)","(245, 1)","(256, 1)","(259, 1)","(274, 1)","(278, 1)","(294, 1)","(300, 1)","(314, 2)","(324, 1)","(335, 2)","(341, 1)","(342, 2)","(359, 1)","(365, 1)","(374, 1)","(387, 2)","(416, 1)","(463, 2)","(490, 1)","(558, 1)","(574, 1)","(584, 1)","(591, 1)","(628, 1)","(634, 1)","(638, 1)","(643, 1)","(747, 2)","(751, 1)","(752, 1)","(788, 1)","(828, 1)","(831, 1)","(837, 1)","(924, 1)","(1037, 1)","(1040, 1)","(1054, 14)","(1055, 10)","(1056, 1)","(1059, 2)","(1061, 1)","(1071, 1)","(1089, 1)","(1090, 1)","(1092, 1)","(1096, 1)","(1099, 1)","(1100, 2)","(1101, 3)","(1103, 4)","(1104, 2)","(1116, 1)","(1138, 1)","(1153, 2)","(1186, 1)","(1191, 1)","(1193, 3)","(1245, 1)","(1257, 2)","(1262, 1)","(1280, 1)","(1283, 2)","(1292, 1)","(1294, 1)","(1299, 2)","(1312, 1)","(1331, 1)","(1378, 2)","(1400, 2)","(1401, 1)","(1402, 1)","(1403, 1)","(1404, 1)","(1405, 1)","(1406, 1)","(1407, 1)","(1408, 1)","(1409, 1)","(1410, 1)","(1411, 1)","(1412, 1)","(1413, 1)","(1414, 1)","(1415, 1)","(1416, 1)","(1417, 1)","(1418, 1)","(1419, 1)","(1420, 1)","(1421, 1)","(1422, 1)","(1423, 2)","(1424, 1)","(1425, 1)","(1426, 1)"
"(5, 2)","(27, 1)","(36, 1)","(38, 1)","(40, 1)","(58, 2)","(61, 1)","(64, 1)","(74, 1)","(109, 2)","(112, 2)","(131, 3)","(143, 2)","(148, 2)","(242, 2)","(245, 1)","(249, 1)","(253, 1)","(259, 1)","(274, 4)","(333, 1)","(338, 1)","(356, 1)","(359, 1)","(393, 2)","(399, 1)","(416, 1)","(427, 1)","(463, 1)","(599, 1)","(655, 1)","(679, 1)","(754, 2)","(768, 1)","(778, 1)","(819, 1)","(923, 1)","(992, 1)","(1007, 1)","(1018, 1)","(1054, 6)","(1055, 6)","(1059, 1)","(1076, 1)","(1088, 1)","(1089, 1)","(1142, 1)","(1145, 1)","(1147, 2)","(1152, 2)","(1214, 1)","(1245, 1)","(1249, 1)","(1310, 2)","(1314, 1)","(1359, 1)","(1386, 1)","(1427, 1)","(1428, 1)","(1429, 1)","(1430, 1)","(1431, 1)","(1432, 1)","(1433, 2)","(1434, 1)","(1435, 1)","(1436, 1)","(1437, 1)","(1438, 1)","(1439, 2)","(1440, 1)","(1441, 1)","(1442, 1)"
"(0, 1)","(3, 1)","(7, 1)","(20, 1)","(22, 1)","(27, 3)","(35, 1)","(36, 1)","(39, 1)","(40, 1)","(44, 1)","(49, 2)","(64, 1)","(65, 3)","(68, 1)","(69, 1)","(77, 1)","(95, 3)","(97, 1)","(98, 1)","(103, 1)","(105, 2)","(109, 5)","(113, 1)","(125, 2)","(137, 1)","(138, 1)","(154, 1)","(158, 1)","(161, 1)","(167, 3)","(176, 1)","(178, 2)","(198, 1)","(199, 1)","(213, 1)","(222, 2)","(223, 2)","(227, 1)","(233, 1)","(247, 1)","(250, 2)","(254, 1)","(256, 1)","(257, 1)","(259, 4)","(269, 1)","(274, 1)","(284, 1)","(291, 1)","(305, 1)","(307, 1)","(308, 1)","(338, 1)","(341, 1)","(342, 2)","(357, 1)","(359, 1)","(362, 1)","(385, 1)","(387, 1)","(394, 1)","(405, 1)","(410, 1)","(413, 1)","(420, 1)","(436, 3)","(453, 1)","(464, 2)","(471, 1)","(484, 4)","(490, 2)","(496, 1)","(528, 1)","(534, 1)","(543, 1)","(549, 2)","(550, 1)","(553, 1)","(556, 1)","(561, 2)","(577, 1)","(579, 1)","(589, 1)","(592, 1)","(598, 1)","(600, 1)","(625, 1)","(638, 1)","(641, 1)","(650, 1)","(670, 1)","(677, 1)","(681, 1)","(693, 1)","(718, 2)","(737, 1)","(749, 3)","(773, 2)","(827, 1)","(831, 1)","(840, 1)","(841, 1)","(862, 1)","(863, 1)","(881, 1)","(887, 1)","(915, 1)","(916, 1)","(920, 1)","(931, 1)","(967, 1)","(998, 2)","(1001, 1)","(1008, 1)","(1026, 2)","(1027, 1)","(1047, 1)","(1054, 13)","(1055, 7)","(1056, 2)","(1059, 5)","(1061, 2)","(1071, 1)","(1076, 1)","(1078, 3)","(1090, 1)","(1094, 1)","(1099, 1)","(1101, 1)","(1103, 1)","(1108, 4)","(1109, 1)","(1122, 1)","(1162, 1)","(1178, 1)","(1194, 2)","(1205, 1)","(1249, 1)","(1268, 2)","(1305, 1)","(1314, 1)","(1326, 1)","(1338, 1)","(1354, 1)","(1386, 1)","(1423, 1)","(1434, 1)","(1443, 1)","(1444, 1)","(1445, 1)","(1446, 1)","(1447, 1)","(1448, 1)","(1449, 1)","(1450, 1)","(1451, 1)","(1452, 1)","(1453, 1)","(1454, 1)","(1455, 1)","(1456, 1)","(1457, 1)","(1458, 1)","(1459, 2)","(1460, 1)","(1461, 1)","(1462, 1)","(1463, 2)","(1464, 1)","(1465, 1)","(1466, 1)","(1467, 1)","(1468, 1)","(1469, 1)","(1470, 1)","(1471, 1)","(1472, 1)","(1473, 1)","(1474, 1)","(1475, 1)","(1476, 2)","(1477, 1)","(1478, 1)"
"(97, 1)","(112, 1)","(176, 1)","(178, 5)","(241, 1)","(274, 1)","(300, 1)","(338, 1)","(395, 2)","(399, 1)","(438, 1)","(471, 1)","(640, 1)","(1031, 1)","(1054, 2)","(1056, 1)","(1076, 3)","(1099, 2)","(1147, 1)","(1187, 1)","(1257, 1)","(1292, 1)","(1439, 1)","(1479, 1)","(1480, 1)","(1481, 1)","(1482, 1)"
"(3, 2)","(6, 2)","(8, 1)","(35, 1)","(125, 1)","(185, 1)","(259, 1)","(300, 1)","(308, 1)","(356, 1)","(398, 1)","(584, 1)","(703, 1)","(773, 1)","(813, 1)","(840, 1)","(988, 1)","(1008, 1)","(1054, 4)","(1055, 3)","(1059, 2)","(1061, 1)","(1089, 1)","(1100, 1)","(1110, 1)","(1121, 1)","(1132, 1)","(1171, 1)","(1483, 1)"
"(0, 1)","(6, 1)","(7, 2)","(27, 1)","(28, 1)","(59, 2)","(64, 1)","(74, 1)","(103, 1)","(126, 1)","(137, 1)","(182, 1)","(230, 1)","(259, 2)","(271, 1)","(278, 1)","(280, 1)","(305, 1)","(338, 1)","(356, 1)","(374, 1)","(464, 1)","(507, 1)","(575, 1)","(650, 1)","(657, 1)","(692, 1)","(767, 1)","(812, 1)","(874, 1)","(905, 1)","(916, 1)","(965, 1)","(992, 1)","(1041, 1)","(1054, 1)","(1059, 1)","(1061, 1)","(1090, 1)","(1099, 1)","(1104, 1)","(1108, 1)","(1140, 1)","(1153, 1)","(1204, 1)","(1244, 1)","(1283, 1)","(1359, 1)","(1484, 1)","(1485, 1)","(1486, 1)","(1487, 1)","(1488, 1)","(1489, 1)","(1490, 1)","(1491, 1)","(1492, 1)","(1493, 1)","(1494, 1)","(1495, 1)"
"(3, 1)","(36, 1)","(42, 1)","(44, 1)","(49, 1)","(58, 3)","(65, 3)","(68, 1)","(87, 2)","(95, 1)","(97, 1)","(98, 1)","(99, 1)","(103, 3)","(105, 1)","(109, 7)","(123, 1)","(128, 2)","(137, 1)","(140, 1)","(154, 1)","(155, 3)","(161, 1)","(167, 1)","(177, 1)","(178, 5)","(189, 1)","(210, 2)","(222, 1)","(227, 1)","(233, 1)","(247, 1)","(249, 1)","(257, 2)","(258, 1)","(259, 2)","(266, 1)","(274, 1)","(278, 1)","(281, 1)","(308, 1)","(335, 2)","(357, 3)","(358, 1)","(362, 1)","(374, 1)","(448, 2)","(453, 2)","(471, 1)","(496, 1)","(508, 1)","(516, 1)","(521, 1)","(529, 1)","(544, 1)","(570, 2)","(574, 6)","(578, 1)","(579, 1)","(581, 1)","(584, 1)","(586, 1)","(608, 2)","(628, 1)","(641, 1)","(655, 1)","(675, 1)","(693, 1)","(779, 1)","(797, 2)","(803, 1)","(819, 1)","(831, 1)","(863, 1)","(905, 1)","(923, 1)","(959, 1)","(1017, 1)","(1026, 1)","(1054, 5)","(1055, 1)","(1087, 1)","(1103, 1)","(1109, 1)","(1122, 1)","(1138, 1)","(1147, 1)","(1193, 1)","(1318, 1)","(1331, 1)","(1345, 1)","(1357, 1)","(1414, 1)","(1496, 1)","(1497, 1)","(1498, 1)","(1499, 1)","(1500, 3)","(1501, 1)","(1502, 1)","(1503, 1)","(1504, 1)","(1505, 1)","(1506, 1)","(1507, 1)","(1508, 1)","(1509, 1)","(1510, 1)","(1511, 1)","(1512, 1)","(1513, 1)","(1514, 1)","(1515, 1)","(1516, 2)"
"(0, 1)","(4, 1)","(6, 1)","(8, 1)","(16, 1)","(22, 2)","(27, 1)","(31, 1)","(39, 2)","(42, 1)","(49, 1)","(50, 1)","(59, 1)","(65, 2)","(74, 1)","(96, 1)","(97, 2)","(98, 1)","(99, 1)","(103, 1)","(105, 1)","(109, 6)","(120, 1)","(123, 2)","(124, 1)","(128, 1)","(137, 2)","(139, 2)","(143, 2)","(148, 1)","(157, 1)","(161, 1)","(177, 1)","(178, 3)","(189, 1)","(198, 3)","(199, 3)","(211, 1)","(222, 1)","(224, 3)","(233, 1)","(242, 1)","(245, 1)","(246, 1)","(256, 1)","(257, 1)","(259, 4)","(273, 1)","(274, 2)","(278, 4)","(281, 1)","(287, 1)","(298, 1)","(305, 1)","(308, 1)","(314, 2)","(325, 3)","(333, 1)","(354, 1)","(356, 1)","(374, 2)","(380, 1)","(385, 1)","(399, 1)","(436, 1)","(487, 2)","(496, 1)","(541, 1)","(542, 1)","(549, 2)","(556, 1)","(565, 1)","(574, 1)","(575, 3)","(584, 1)","(638, 1)","(641, 1)","(656, 1)","(664, 1)","(667, 1)","(692, 1)","(700, 1)","(751, 1)","(768, 2)","(785, 1)","(840, 1)","(850, 1)","(867, 1)","(874, 1)","(881, 1)","(940, 1)","(969, 1)","(1009, 1)","(1047, 1)","(1054, 9)","(1055, 2)","(1056, 1)","(1059, 3)","(1061, 1)","(1073, 2)","(1076, 2)","(1089, 1)","(1090, 1)","(1094, 1)","(1099, 1)","(1100, 2)","(1101, 2)","(1103, 4)","(1104, 1)","(1116, 3)","(1122, 2)","(1123, 1)","(1128, 1)","(1138, 2)","(1147, 3)","(1152, 1)","(1153, 5)","(1164, 1)","(1174, 1)","(1186, 1)","(1191, 1)","(1239, 1)","(1299, 1)","(1308, 1)","(1367, 1)","(1369, 1)","(1378, 3)","(1386, 1)","(1389, 1)","(1400, 1)","(1401, 1)","(1514, 1)","(1517, 1)","(1518, 1)","(1519, 1)","(1520, 1)","(1521, 1)","(1522, 1)","(1523, 1)","(1524, 1)","(1525, 1)","(1526, 1)","(1527, 1)","(1528, 1)","(1529, 2)","(1530, 1)","(1531, 1)","(1532, 1)","(1533, 1)","(1534, 1)","(1535, 1)","(1536, 1)","(1537, 1)","(1538, 1)","(1539, 1)","(1540, 1)","(1541, 1)","(1542, 1)","(1543, 3)","(1544, 1)","(1545, 1)","(1546, 1)","(1547, 1)","(1548, 2)","(1549, 1)","(1550, 1)","(1551, 1)","(1552, 1)","(1553, 1)","(1554, 1)","(1555, 1)","(1556, 1)","(1557, 2)"
"(7, 1)","(56, 1)","(109, 1)","(125, 1)","(227, 1)","(259, 2)","(278, 1)","(299, 1)","(403, 1)","(638, 1)","(775, 1)","(857, 1)","(1054, 4)","(1055, 1)","(1072, 1)","(1103, 1)","(1109, 1)","(1313, 1)","(1378, 1)","(1558, 1)","(1559, 1)","(1560, 1)"
