"Star","film","Empire","Back","film","balance","franchise","heroine","ladies","bit","men","engaging","film","men","world","respect","gender","imagery","episode","Empire","Back","mean","feat","Empire","A","film","protagonist","Thank","goodness","profile","Star","franchise","forward","imperial"
"story","Star","process","one","worse","Rogue","one","everything","movie","everyone","Star","plot","group","Death","Star","designer","morale","conscience","deliberate","flaw","exhaust","port","Family","Guy","information","right","information","daughter","designer","name","Episode","Four","New","Hope","thing","Well","film","par","Empire","Episode","someone","film","silver","screen","director","Star","Film","First","script","mix","drama","action","pathos","humour","story","film","action","tension","film","Sixth","trilogy","abundance","nostalgia","work","story","Seventh","please","station","bland","day","week","technology","story","tension","time","mix","action","effects","Lord","man","craft","film","film","opposite","Star","fan","sense","film","fault","cast","everyone","Forest","villain","piece","Ben","Hard","Big","Steal","Yen","character","movie","cast","universe","mark","Pow","Ben","Rebel","Foot","General","Pilot","Brewster","Rebel","attack","conference","debate","council","Strong","drama","ingredient","day","Rebellion","faction","everyone","get","messy","people","film","question","Empire","course","film","Star","doubt","Voiced","skill","Alan","ship","ground","Chiefly","acting","Felicity","conviction","Luna","Han","Solo","portrayal","Incredible","proportion","rest","film","subplot","cut","issue","juggle","narrative","running","time","director","feat","doubt","army","order","film","day","someone","film","doubt","story","Star","fan","Pure","class"
"thing","movie","war","drama","adventure","Star","story","homeless","war","Empire","Consequently","don","start","ways","description","Star","movie","people","time","NOW","job","feeling","audience","bit","humor","relief","creature","effects","lot","Ground","battle","combat","space","quarter","degree","war","brutality","result","action","movie","Star","universe","Somewhat","saber","Force","fan","money","Go"
"descent","Darkness","heartbreaking","disappointment","Rogue","Star","track","Rogue","level","exception","action","Just","Force","rehash","A","New","Hope","Legacy","Force","Solo","Rogue","One","rehash","Dark","Felicity","Luna","Kyle","addition","premise","movie","t","anything","mythos","Do","favor","watch","movie","anything","movie","confirmation","matter","thing","movie","sense","inevitability","don","t","matter","charge","matter"
"Wow","vein","Dirty","Dozen","Star","movie","Star","saga","iconic","whats","faith","strength","spirit","Behold","Star","film","Rogue","A","Star","Story","epic","adventure","time","conflict","group","band","mission","steal","Empire","weapon","destruction","Death","Star","Starring","Felicity","Luna","Ben","Yen","Alan","Wen","Forest","Tony","band","cause","nothing","Star","saga","misfit","smuggler","Han","Solo","Rogue","A","Star","Story","cast","business","order","film","region","group","story","Revenge","Sith","A","New","Hope","k","Star","film","nothing","wink","script","perfect","Tony","s","silence","film","conflict","Rogue","One","team","t","resolve","movie","way","pulse","pounding","battle","act","something","beach","invasion","Private","Actress","Felicity","hers","saga","Less","film","dilemma","heart","Star","movie","lineal","Rogue","One","Yen","part","something","reason","man","character","K","t","target","relief","agreement","Ben","villain","presence","Lord","cameo","awe","New","Hope","graphics","credit","look","tone","style","impression","Star","That","something","ourselves"
"void","heart","episode","episode","none","movie","t","actor","t","opinion","movie","everything","fan","feeling","story","line","move","saga"
"war","approach","Star","saga","fluff","mature","death","glimpse","story","Rogue","One","A","Star","Story","film","t","Star","film","war","torn","Star","Rogue","crawl","galaxy","shot","transport","ship","planet","backdrop","Director","time","story","family","home","learning","Imperial","head","Ben","Death","Star","project","engineer","design","Death","Star","eye","s","daughter","Felicity","escape","procedure","case","arrival","tense","encounter","tone","sense","defeat","s","interaction","look","wife","Lyra","shoulder","turn","shot","score","cave","inside","rock","structure","action","planet","ex","Rebel","Saw","Forest","blaster","luck","bit","mention","line","screen","time","amount","character","lots","gruff","justice","nothing","character","half","film","time","Silver","Screen","Rogue","One","plenty","planet","purpose","audience","Star","universe","fighter","Luna","haste","City","Star","universe","people","kind","guy","ship","fight","way","situation","information","Imperial","pilot","Bodhi","Rook","Rook","instruction","engineer","s","whereabouts","information","Death","Star","messenger","message","Rook","Rogue","One","film","Tony","dialogue","cast","times","felt","heavy","s","Force","beginning","sort","mantra","click","s","bit","dialogue","nod","romance","moment","finale","way","attraction","pun","emotion","romance","road","plea","writing","viewer","world","anything","K","tension","relief","times","heroism","war","child","mother","gunfire","scene","Rebel","headquarters","counsel","wise","father","s","Death","Star","s","character","status","leader","Imperial","nature","fun","times","dominance","despair","cinematography","difference","Star","stranger","colors","film","tone","rest","Rogue","One","Well","film","half","bit","place","beach","cheese","s","tone","spin","entirety","Rogue","One","product","act","Rogue","One","end","war","approach","Star","saga","fluff","mature","death","General","Moff","reveal","conclusion","film"
"Rough","One","SO","BEAUTIFUL","Worth","universe","family","drama","Rough","One","character","Yen","love","character","moment","dreamer","No","need","effect","protagonist","thing","plot","A","Star","Story","background"
"Fell","time","i","fight","scene","i","star","emphasis","Did","plot","o","death","star","thing","epic","story","development","mythology","plot","action","time","i","system","look","score","Sort","tie","Yen","something","star","game","story","line","Anyway","mass","effect","team","mantle","star","mythology","Overall"
"Just","Force","movie","acting","time","lot","action","way","film","reason","movie","time","Joker","Suicide","Squad","Star","franchise","money","year","screen","sound","movie","way"
"Rogue","A","Star","Story","Story","Rogue","One","Star","film","story","entry","saga","Star","movie","crawl","prologue","s","bit","ride","experience","screen","film","Rogue","majority","movie","story","Rogue","experience","t","feel","boring","canon","hand","person","Is","Rogue","One","flawless","No","Does","Does","entertainment","escapism","cash","Yes","t","exposition","anything","Rogue","action","story","war","devastation","wake","hope","Force","one"
"approach","franchise","Rogue","A","Star","Story","approach","franchise","beginning","type","Star","told","perspective","Rogue","place","struggle","people","terror","imperialism","twist","everything","movie","people","order","grit","galaxy","people","species","goal","reason","movie","film","challenge","lot","time","Hence","reason","fresh","cast","challenge","perfectly","relationship","character","s","sacrifice","time","Performance","Alan","K","time","movie","time","discomfort","boredom","time","Story","times","order","everything","end","movie","story","conclusion","Action","life","props","Star","ingenuity","sides","order","Rogue","One","life","story","A","story"
"trap","Oh","god","Oh","joy","franchise","movie","film","statement","Star","universe","way","goal","way","film","plot","year","Star","Episode","movie","way","film","knee","story","story","story","hope","courage","determination","story","continuation","Never","Disclaimer","Force","trilogy","movie","deviation","something","Empire","Back"
"bar","episode","production","trilogy","Force","Rogue","One","force","t","empire","meant","movie","audience","movie","story","line","Star","movie","treat","audience","War","Star","war","bar","Episode","producer","movie","star"
"Force","Force","Star","effects","Force","philosophy","story","line","soul","need","A","New","Hope","deep","philosophy","dark","politics","fun","Star","Trek","Force","day","review","story","effect","line","movie","philosophical","life","Star","plot","family","Force","Star","movie","Rogue","One","fact","story","training","philosophy","somehow","Force","Reason","meaning","life","movie","learning","Force","need","war","story","course","SOME","Yen","force","one","force","Baze","Wen","t","Later","Baze","faith","Moff","Princess","Rogue","Force","meaning","philosophy","Star"
"Addition","Star","Universe","review","Rogue","midnight","premiere","director","film","blockbuster","something","Rogue","A","Star","Story","title","addition","filler","movie","film","Star","doubt","mind","Rogue","One","piece","cinema","Anthology","movie","tone","opening","scene","Rogue","One","installment","feel","credit","style","camera","work","film","appeal","room","air","something","Star","landscape","cinematography","hand","camera","movement","war","film","action","effects","Rogue","Star","effects","Use","effects","homage","trilogy","gripe","inevitable","inclusion","human","feel","opposition","sound","effects","production","design","felt","Something","Rogue","One","aesthetics","Star","base","set","design","Star","universe","score","notice","film","music","Star","film","forwards","scene","sense","mood","differentiation","Star","one","Ultimately","Rogue","One","ways","piece","Star","universe","movie","addition","saga","appreciation","work","rebellion","future","appealing","Rogue","One","everyone","Die","Star","knowledge","Rogue","One","action","movie","way","dialogue","film","Rogue","One","enjoyment","appreciation","Star","Do","need","Rogue","One","show"
"movie","photography","effects","dark","movie","cult","top","Apocalypse","Blade","Runner","movie","action","times","battle","lot","movie","one"
"letter","Star","Dear","Company","Dear","Star","movie","Rogue","Rogue","One","opinion","step","Star","movie","Star","brand","story","studio","Sometime","process","space","magic","point","view","opinion","Star","failure","film","marketing","machine","box","office","success","t","mean","Rogue","One","Star","Less","freedom","time","line","plot","idea","point","view","rebellion","story","telling","way","direction","cut","writing","drama","times","generic","fan","service","ad","nausea","movie","land","s","super","action","film","Good","don","t","guarantee","dish","So","course","movie","person","cut","point","view","s","story","t","movie","Well","Rogue","vision","something","action","fi","movie","Star","Star","Star","Rogue","One","pretend","Star","movie","movie","t","time","story","line","empathy","balance","action","time","action","time","introduction","background","situation","time","constant","scene","viewer","case","danger","death","mother","min","screen","situation","father","dying","min","screen","scene","life","fall","head","lack","imagination","talent","make","death","nothing","everybody","Many","pattern","movie","Add","fan","service","plague","feeling","copy","paste","reference","clone","Tie","pilot","scene","X","wing","departure","scene","Star","movie","ticket","Please","stop","fan","contest","Star","convention","time","reference","story","So","please","charge","Star","Director","something","time","pattern","rhythm","nothing","Money","nothing","subjectivity","time","admiral","New","Order","guy","Star","story","Good","design","music","Red","clone","don","look","scene","light","mask","charisma","Keep","Hyperspace","Magic","instant","communication","rescue","call","Small","galaxy","planet","couple","imagination","Sand","Beach","Star","collision"
"film","fight","one","enjoyment","film","par","one","force","franchise","pie","story","Tell","story","death","star","Luke","chance","Tie","film","bit","mix","hero","companion","pair","shelf","robot","C3PO","theater","heart","something","film","chase","peace","rest","scene","Millennium","falcon","game","t","Rogue","one","possibility","sense","emotion","movie","goer","thing","note","level","movie","trailer","computer","game","Uncharted","something","back","rest","imagination","film","money","machine","t","inspire"
"violence","Am","violence","movie","war","zone","ground","war","movie","movie","wisdom","violence","mind","air","story","line","way","cannon","fodder","Probably","Star","film","cinematography","versatile"
"Rogue","A","Star","Story","movie","Star","Trek","Star","way","fan","explanation","Anyway","anyone","film","movie","film","don","t","Star","universe","Bail","mention","Wedge","s","Goldeneye","Moon","sequence","nutshell","film","Yes","Cinematography","F","Lord","film","t","appeal","evil","balance","reason","viewer","ideology","G","sense","concept","end","day","get","goods","kind","job","routine","tenth","budget","film","question","anyone","part","money","times","answer","problem","job","Episode"
"Are","Built","Hope","A","Great","STAR","Spin","Off","Rogue","Star","Story","take","franchise","Star","Revenge","Sith","A","New","Hope","director","movie","hope","god","movie","galaxy","turn","blend","trilogy","Felicity","emotion","protagonist","adventure","redemption","connection","spark","hope","movie","dark","pitch","way","movie","K","star","Alan","someone","guy","medal","Star","sense","humour","crew","crowd","joy","thing","Star","ability","selfish","times","devotion","something","Star","Chirrup","_mwe","movie","Yen","character","connection","force","diversity","casting","movie","Star","story","end","Baze","Bodhi","Rook","battle","name","Rogue","Rook","Captain","Luna","actor","character","rebellion","hero","captain","dick","i","conflict","people","times","storm","trooper","line","thou","Saw","Forest","actor","character","clone","voice","character","movie","movie","Whats","Rogue","One","character","Bail","sides","conflict","chat","dark","lord","scene","mention","scene","action","seat","Plot","Design","story","redemption","daughter","man","Death","Star","weakness","Episode","Star","fan","director","story","outcome","thing","Star","movie","conflict","feeling","war","effects","K","t","battle","Fi","battle","contender","contender","movie","Star","series","conflict","introduction","conclusion","tragedy","s","Rogue","Star","Story","Star","galaxy","Death","Star","Thank","review","List","Iron","Bat","Prime","May","force"
"Star","movie","Star","movie","Force","dud","Rogue","one","masterwork","lot","story","complexity","rebellion","sense","humor","Do","moment","Thanks","God","Episode","guy","calamity"
"Rogue","Screen","zero","movie","Star","fan","screen","film","film","amount","fan","service","None","character","development","introduction","movie","place","hastily","time","effects","movie","inclusion","actor","lot","time","problem","fan","service","movie","piece","fan","fiction","film","movie","trilogy","Expanded","Universe","face","point","finale","point","t","care","plot","movie","audience","A","finale","emotion","show","audience","lot","noise","money"
"word","EXCEPTIONAL","Firstly","Star","movie","Death","Star","something","point","movie","movie","Death","Star","Seriously","people","stuff","movie","review","midnight","screening","second","story","while","lot","hint","romance","hero","heroine","Star","NOT","romance","movie","darkness"
"Generic","blockbuster","Rogue","t","i","way","humor","darkness","sadness","music","liking","music","movie","taste","story","filler","story","E3","E4","Thats","job","star","Episode","something","year","Rogue","blockbuster","days","goal","amount","people","everything","movie","purpose","Star","movie","family","anything"
"rebellion","stand","movie","trilogy","Every","Star","fan","movie","story","movie","action","story","character","movie","star","movie","date","action","space","music","star","movie","space","opera","battle","experience","foot","soldier","overview","acting","pace","movie","star","twist","something","copycat","feel","force","movie","people","star","universe","fan"
"War","Star","R1","Star","Stunning","s","stunning","space","battle","saga","scene","humour","K2","SO","show","loud","R1","Star","movie","war","movie","hour","thing","moment","cause","thing","score"
"Rogue","One","Review","A","surprise","announcement","spin","year","people","lot","skepticism","A","lot","Force","effects","fun","Star","Universe","spin","anthology","share","production","problem","group","Death","Star","Star","start","score","score","universe","comparison","music","piece","feeling","Star","music","try","film","way","anthology","Saga","formula","look","score","film","costuming","design","effects","act","clumsily","fact","structure","place","though","Felicity","Luna","stand","act","act","film","patch","Force","effects","Force","Luckily","cringe","Snoke","Mild","Spoiler","computer","version","Peter","Moff","film","valley","effect","Spoiler","Easter","film","couple","Holy","sh","t","promise","effort","disgrace","franchise","film","plan"
"family","movie","sequel","movie","Finding","lot","Finding","Dory","movie","HILARIOUS","movie","plot","story","parent","child","child","movie","family","sequel","Finding","Beware"
"film","childhood","Wow","time","fast","film","day","sick","sea","fascination","film","breath","animation","creature","amount","emotion","film","favorite","sequel","Dory","course","character","idea","character","time","t","fail","people","Toy","Story","somehow","University","t","charm","one","film","Anyway","film","Toy","Story","University","film","sequel","animation","heart","course","movie","animation","movie","park","Dory","character","journey","Dory","emotion","Oh","don","t","t","movie","river","times","message","family","film","heart","humour","miss","Overall","film","Me","aunt","cousin","s","film","film","sequel"
"Finding","Dory","movie","s","character","development","movie","story","moment","moment","pure","joy","positivity","absolute","water","animation","s","score","score","movie","Finding","franchise","sequel"
"thing","Finding","Dory","sequel","Finding","quality","exception","Toy","Story","one","thing","Six","Finding","Dory","something","childhood","home","Bay","Due","Dory","term","memory","loss","difficulty","times","Marlin","son","follow","Dory","along","journey","Beautiful","times","Dory","successor","film","Being","slow","predecessor","poignant","effect","voice","acting","Dory","Hank","Octopus","O","rate","mention","cute","beginning","Piper","baby","Sandpiper"
"Term","Memory","Finding","Dory","colorful","entertaining","film","Starring","O","Finding","Dory","minute","time","Dory","Dory","memory","family","adventure","Dory","Summer","voice","cast","work","Dory","protagonist","film","transition","perfect","University","protagonist","Dory","character","comedy","Hank","Octopus","O","scene","Wall","E","Carter","story","film","colors","eye","emotion","trip","act","greatness","film","act","consistency","movie","action","film","film","act","Finding","Dory","trip","memory","lane","voice","cast","animation","difficulty","Brave","University","top"
"Dory","A","Delightfully","Worthy","Sequel","Thoughtful","Finding","Dory","return","blue","array","wonderful","Dory","help","opening","sequence","world","animation","detail","skin","Hank","Octopus","Finding","Dory","wealth","achievement","splendor","beforehand","Piper","wizardry","today","nothing","heart","film","Dory","childhood","baby","fish","pleasure","screen","Marlin","Dory","race","past","way","set","story","job","film","s","narrative","space","story","concept","formula","piece","cinema","predecessor","criticism","Dory","multiple","euphoria","heartache","frustration","Finding","Dory","sometimes","times","realism","context","extreme","entertainment","pleasure","sequel","status","Whether","Finding","Dory","set","Dory","film","addition","canon","underlying","perseverance","love","friendship","family","anyone","wishing","entertainment","advice","home","t","talk","My","rating"
"Spotlight","everybody","fish","sequel","Finding","Finding","s","adventure","lot","standard","sequel","Finding","Dory","fact","Well","part","skepticism","predecessor","s","scene","stealer","Dory","blue","tang","character","spotlight","relief","cynicism","reaction","sequel","Dory","Dory","adventure","Marlin","game","search","memory","birthplace","Bay","marine","reserve","Kudos","heart","tearful","moment","adventure","Destiny","Bailey","clumsy","definite","breakout","Hank","octopus","O","presence","Though","back","story","kind","vague","octopus","captivity","mollusk","interesting","companion","tang","Just","animation","design","something","Always","standard","quality","animation","ocean","attraction","detail","jewel","Bay","team","environment","Kind","World","life","size","attraction","showcase","movie","Finding","Dory","continuation","everybody","favorite","blue","tang","sequel","property","movie"
"Dory","Dory","s","song","film","Finding","sequel","year","predecessor","heartfelt","laugh","loud","Dory","Dory","girl","Marlin","title","Dory","result","Dory","Dory","question","Marlin","Dory","question","Dory","problem","film","surface","level","pun","Gone","poignancy","Finding","mother","Gone","relevancy","plot","structure","plot","point","Finding","Finding","Dory","cute","harmless","film","happen","get","Come","film","Jenny","Levy","Dory","s","result","role","Dory","s","role","Crush","Fish","Tank","Gang","Marlin","s","courage","hope","Dory","Destiny","Bailey","Dory","anything","anything","Marlin","Yet","Marlin","Dory","movie","Finding","Dory","sequel","Finding","Dory","character","Finding","Dory","animation","Bay","grass","animation","look","film","Destiny","character","butt","joke","cameo","film","gut","Dory","Ray","school","Finding","Dory","relationship","Dory","film","protagonist","Dory","heart","heart","moment","Hank","O","Marlin","engage","Dory","sister","advantage","Dory","Dory","character","Yes","Dory","memory","loss","Ray","s","Yet","end","Dory","make","her","Finding","Dory","sequel","protagonist","clever","story","dimensional","film","animation","Finding","Dory","sequel","thing","Toy","Story","Toy","Story","s","plot","truly","Dory","merit","matin","e","matin","e","film","pop","depth","field"
"film","family","movie","truly","treat","family","Just","term","memory","loss","sea","sea","level","home","people","thing","movie","heart","underwater","world","park","job","flick","grab","friend","family","Finding","Dory"
"film","ocean","car","chase","sequence","year","Marlin","son","blue","Dory","adventure","family","school","field","trip","stingray","migration","Dory","undertow","word","warning","Jenny","Levy","mother","father","Dory","Marlin","tow","trio","Marine","Life","Institute","rehabilitation","center","aquarium","aid","Hank","O","Fluke","Rudder","West","Dory","past","fate","Everyone","s","term","memory","loss","fish","time","show","disability","stressful","affliction","part","theme","part","voyage","ways","tale","enlightenment","inner","allies","s","opening","scene","Up","beauty","heartbreak","wallop","moment","picture","edge","consequence","cinema","appearance","bug","surfer","guy","turtle","singing","manta","ray","plot","terrain","concept","epic","cross","sea","expedition","menacing","squid","control","shark","loss","creativity","sense","repetition","dialogue","quirky","species","bizarre","character","Hank","octopus","industry","spot","camouflage","gimmick","chose","Where","film","harrowing","continuation","mystery","trust","reinforcement","confidence","notion","adversity","resolve","mix","superior","voice","loud","level","pathos","Toy","Story","Finding","Dory","masterpiece","film","ocean","car","chase","sequence"
"magic","time","sequel","Today","review","ocean","reef","stage","adventure","fish","Yes","today","Finding","Dory","Will","sequel","everything","quality","Please","surprise","comedy","works","shame","Finding","Dory","bit","something","everyone","audience","storm","goofy","slapstick","comedy","time","end","deal","plenty","audience","pretty","colors","Speaking","cute","adult","film","charm","magic","film","Dory","innocence","sincerity","quality","film","Her","self","everyone","audience","compass","eye","blue","tang","button","addition","Destiny","down","talk","show","host","voice","work","personality","Dory","film","fun","yes","dog","delivery","talent","job","zing","spin","emotion","mix","thing","Hank","Dory","bunch","animation","job","move","sea","something","dinner","water","life","component","texture","fluidity","environment","reef","wreckage","marina","definition","detail","everything","place","sin","film","job","report","Dory","story","area","improvement","dad","ocean","Dory","reef","case","Finding","Dory","lot","emotion","comedy","predecessor","aquarium","t","edge","Dory","s","character","development","suspense","something","addition","comedy","times","Yes","anything","market","standpoint","quality","audience","bit","Most","house","balance","comedy","film","story","end","stick","film","No","surprise","center","stage","title","Marlin","shell","Again","balance","Marlin","adventure","s","tank","film","Marlin","story","movie","feel","Finding","Dory","addition","library","fun","animation","punch","studio","story","travel","void","get","end","adventure","movie","Worth","D","experience","promise","detail","D","trip","theater","Animation","Adventure","Comedy","Movie","Overall"
"Better","Than","Finding","Oh","thing","way","point","thing","movie","animation","Finding","review","water","water","lighting","ocean","movie","cartoon","sea","Well","movie","lot","time","look","movie","look","Oh","yeah","octopus","shock","animation","Hank","wow","way","animation","wise","spoil","story","rehash","example","Dory","term","memory","loss","movie","Dory","hold","term","memory","loss","lot","disorder","metaphor","movie","lot","comedy","Yeah","balance","drama","comedy","action","Kung","Fu","Panda","film","Hank","Octopus","beginning","lot","character","development","rest","film","Hank","friendship","Dory","film","tone","course","action","flaw","movie","action","scene","bit","nature","anything","mind","bit","theme","movie","Oh","thing","Overall","movie","animation","story","action","drama","surprise"
"heart","masterpiece","way","feature","year","decade","How","dollar","question","FINDING","DORY","sequel","level","greatness","reliance","well","story","FINDING","DORY","heart","Finding","character","routine","something","Dory","s","memory","term","memory","loss","dad","help","Marlin","trio","adventure","Dory","course","t","plan","Dory","s","memory","ocean","Marine","Life","Institute","Dory","help","octopus","Hank","O","beluga","shark","Finding","part","story","ocean","set","aquarium","tank","dentist","office","FINDING","DORY","ocean","water","land","rehabilitation","aquarium","center","up","Bay","So","scope","time","lot","set","director","fellow","film","t","suffer","difficulty","magic","bottle","t","FINDING","DORY","t","film","Marlin","Dory","film","ton","round","camaraderie","Does","Dory","sequel","movie","beginning","FINDING","DORY","home","reason","franchise","thing","film","t","sonar","shark","octopus","bird","Marlin","bit","beauty","FINDING","DORY","Dory","memory","loss","home","film","lesson","perfection","FINDING","DORY","masterpiece","Finding","act","bit","adventure","movie","family","Screen"
"Dory","heartfelt","Finding","Dory","heartfelt","story","movie","Finding","sequel","Dory","beginning","story","example","movie","re","minor","Every","story","boring","investment","story","course","film","movie","t","problem","friend","impact","minor","story","humor","movie","cast","home","theme","movie","Finding","Dory","judgment","Crush","sea","turtle","Finding","Dory","Same","tank","fish","beauty","t","instrumental","Wow","Wow","Finding","Dory","story","t","facilitate","beauty","Part","Early","fish","kelp","forest","reef","dark","kelp","water","don","t","movie","Finding","Dinosaur","gap","theme"
"Cute","Ultimately","Emotionally","Static","Sequel","Beloved","Classic","Finding","Dory","splash","week","success","popularity","Dory","place","heart","film","impact","movie","Many","film","film","Toy","Story","plot","predecessor","Finding","Dory","message","lost","feel","turning","film","laughter","surprise","predecessor","example","voice","actor","character","Dory","film","voice","plot","A","film","needs","roller","coaster","Finding","Dory","time","yes","heart","movie","sequel","response","demand","return","world","Dory","Marlin","message","subtext","shorts","Dory","message","disability","movie","kind","disability","Dory","memory","approach","message","film","bit","fact","plot","character","development","audience","character","arc","development","Dory","friend","Hank","O","Just","watch","film","spark","part","area","movie","sequel","Thankfully","case","Finding","Dory","everyone","sea","turtle","stingray","fortune","film","lead","Animal","Kingdom","Musical","t","opportunity","analysis","point","view","film","someone","s","lot","time","energy","property","movie","show","Animal","Kingdom","show","Cast","Member","Annual","ability","Finding","Dory","predecessor","show","movie","behind","film","job","Many","people","age","Dory","Finding","lack","comedy","funny","film","timing","structure","candle","predecessor","quality","Channel","Original","Movie","Let","Toy","Story","week","sequel","tear","jerker","Toy","Story","property","evolution","Central","Intelligence","handful","Finding","Dory","competition","weekend","movie","nostalgia","film","Probably","family","movie","movie","story"
"Great","film","cry","movie","dory","fish","struggle","desire","kelp","forest","t","forget","Hank","sea","creature","aquarium","sea","end","Dory","sea","Hank","kind","story","Maybe"
"sequel","Finding","Dory","movie","year","screen","water","Finding","Dory","sequel","film","loss","point","time","failure","Carter","Finding","Dory","t","line","movie","My","rating","Dory","Highly"
"bit","powerhouse","predecessor","Dory","t","sequel","continuation","time","blue","Tang","hero","help","family","series","Their","sanctity","reef","way","State","animation","time","film","joy","Octopus","Hank","Married","O","addition","cast","course","surface","pun","adventure","film","s","sunlit","zone","well","film","truth","regardless","developmental","meaning","movie","everybody","A","movie","promise","hope","something","bit","right","masterpiece"
"Well","movie","one","Dory","success","film","t","movie","time","Dory","character","Yes","story","side","character","everyone","Dory","family","hunt","Sound","film","Well","difference","Finding","because","father","Him","father","family","sense","dad","ocean","problem","story","film","nonsense","year","Dory","one","family","memory","time","life","film","film","existence","film","handicap","story","way","story","flash","times","movie","feel","story","place","something","anything","story","story","How","earth","film","film","one","voyage","film","t","nostalgia","everything","Which","nothing","character","film","kind","personality","Aside","thing","plot","device","purpose","comedy","relief","Which","fun","film","fun","people","film","saving","voice","acting","Dory","thing","Her","story","t","good","couple","scene","zone","view","whole","dull","film","symbol","audience","quality","money","thanks","thought","movie","time"
"Hey","sequel","Finding","Dory","film","world","Marlin","Dory","sea","place","year","start","story","sequel","group","work","surprise","Dory","term","memory","loss","phrase","diddy","speak","people","Dory","heartfelt","foil","story","someone","agency","tale","family","course","lot","t","something","times","put","story","Dory","marine","park","fish","voice","Weaver","everyone","park","way","God","realm","fish","mission","dug","deep","term","memory","help","water","Hank","octopus","O","whale","shark","whale","Burr","chance","comedy","times","ten","audience","Whether","visa","darn","Weaver","example","writing","team","balance","peril","behavior","comedy","Dory","protagonist","hero","story","someone","anything","Memento","someone","s","damn","skin","order","momentum","A","B","C","fish","help","times","term","memory","Dory","way","help","film","way","movie","s","world","everything","bar","Van","medium","works","something","movie","harder","swing","majority","fare","exception","animation","familiarity","gag","work","character","hey","bird","character","don","t","Marlin","story","story","movie","peril","times","game","role","story","act","moment","moment","air","anti","climax","climax","guess","point","Dory","memory","loss","account","story","wise","Finding","Dory","charmer","delight","story","summer","way","sense","sequel"
"film","way","Dory","nickel","time","Trust","memory","time","yes","movie","Dory","time","whale","Finding","Dory","time","film","quality","past"
