"star","film","empir","back","film","balanc","franchis","heroin","ladi","bit","men","engag","film","men","world","respect","gender","imageri","episod","empir","back","mean","feat","empir","A","film","protagonist","thank","good","profil","star","franchis","forward","imperi","good","best","good","superior","male","heavi","delight","femal","tough","excit","new","femal","visual","stun","beauti","eleg","admir","sure","high","mani","femal","futur","As"
"stori","star","process","one","wors","rogu","one","everyth","movi","everyon","star","plot","group","death","star","design","moral","conscienc","deliber","flaw","exhaust","port","famili","guy","inform","right","inform","daughter","design","name","episod","four","new","hope","thing","well","film","par","empir","episod","someon","film","silver","screen","director","star","film","first","script","mix","drama","action","patho","humour","stori","film","action","tension","film","sixth","trilog","abund","nostalgia","work","stori","seventh","pleas","station","bland","day","week","technolog","stori","tension","time","mix","action","effect","lord","man","craft","film","film","opposit","star","fan","sens","film","fault","cast","everyon","forest","villain","piec","ben","hard","big","steal","yen","charact","movi","cast","univers","mark","pow","ben","rebel","foot","gener","pilot","brewster","rebel","attack","confer","debat","council","strong","drama","ingredi","day","rebellion","faction","everyon","get","messi","peopl","film","question","empir","cours","film","star","doubt","voic","skill","alan","ship","ground","chiefli","act","felic","convict","luna","han","solo","portray","incred","proport","rest","film","subplot","cut","issu","juggl","narr","run","time","director","feat","doubt","armi","order","film","day","someon","film","doubt","stori","star","fan","pure","class","creativ","unfound","engross","seamless","great","differ","archiv","first","great","good","right","good","interest","divers","uniqu","third","great","mani","memor","mani","fourth","real","tens","fifth","origin","comed","pure","appropri","real","underground","steril","perfect","live","great","critic","total","true","die","hard","critic","hard","good","new","intern","smaller","tens","bore","key","tangibl","real","wrong","great","good","bad","mani","pure","mani","new","thin","real","adversari","littl","longer","nit","mani","major","minor","singl","tight","mean","entir","fortun","describ","easili","long","So","ye","also","actual","secondli","well","alway","well","entir","well","here","well","clearli","highli","realli","fulli","anywher","especi","brilliantli","beauti","alon","truli","realli","respect","here","far","even","better","realli","rather","alli","sometim","entir","perhap","less","realli","extrem","well","perhap","quit","clearli"
"thing","movi","war","drama","adventur","star","stori","homeless","war","empir","consequ","start","way","descript","star","movi","peopl","time","now","job","feel","audienc","bit","humor","relief","creatur","effect","lot","ground","battl","combat","space","quarter","degre","war","brutal","result","action","movi","star","univers","somewhat","saber","forc","fan","money","Go","strang","fi","dark","gritti","main","brutal","civil","oppress","main","mani","realist","ordinari","altern","great","fair","comed","good","ampl","special","urban","close","squeaki","clean","nasti","final","good","light","true","ever","much","still","well"
"descent","dark","heartbreak","disappoint","rogu","star","track","rogu","level","except","action","just","forc","rehash","A","new","hope","legaci","forc","solo","rogu","one","rehash","dark","felic","luna","kyle","addit","premis","movi","anyth","mytho","Do","favor","watch","movi","anyth","movi","confirm","matter","thing","movi","sens","inevit","matter","charg","matter","littl","cool","likabl","predict","uninspir","overal","worth","episod","back","nowher","near","ultim"
"wow","vein","dirti","dozen","star","movi","star","saga","icon","what","faith","strength","spirit","behold","star","film","rogu","A","star","stori","epic","adventur","time","conflict","group","band","mission","steal","empir","weapon","destruct","death","star","star","felic","luna","ben","yen","alan","wen","forest","toni","band","caus","noth","star","saga","misfit","smuggler","han","solo","rogu","A","star","stori","cast","busi","order","film","region","group","stori","reveng","sith","A","new","hope","k","star","film","noth","wink","script","perfect","toni","silenc","film","conflict","rogu","one","team","resolv","movi","way","puls","pound","battl","act","someth","beach","invas","privat","actress","felic","saga","less","film","dilemma","heart","star","movi","lineal","rogu","one","yen","part","someth","reason","man","charact","K","target","relief","agreement","ben","villain","presenc","lord","cameo","awe","new","hope","graphic","credit","look","tone","style","impress","star","that","someth","resili","ground","heroic","mani","usual","human","first","new","unlik","ordinari","extraordinari","ultim","common","unusu","stubborn","intern","sure","certain","biggest","divers","origin","sure","sure","littl","arguabl","final","akin","resili","eleg","gener","much","entir","famili","favorit","big","good","happi","new","comic","incred","strong","least","much","least","favorit","ever","togeth","firstli","well","realli","alreadi","immedi","not","necessarili","never","pretti","final","actual","quit","well","enough","alway","exactli","ago","realli"
"void","heart","episod","episod","none","movi","actor","opinion","movi","everyth","fan","feel","stori","line","move","saga","higher","perfect","good","good","mani","die","hard","femal","good","good","old","good","old","overal","good","old","bold","bad","overal","mayb","almost","sure","enough","enough","otherwis","quit","well","quit","nice","also"
"war","approach","star","saga","fluff","matur","death","glimps","stori","rogu","one","A","star","stori","film","star","film","war","torn","star","rogu","crawl","galaxi","shot","transport","ship","planet","backdrop","director","time","stori","famili","home","learn","imperi","head","ben","death","star","project","engin","design","death","star","eye","daughter","felic","escap","procedur","case","arriv","tens","encount","tone","sens","defeat","interact","look","wife","lyra","shoulder","turn","shot","score","cave","insid","rock","structur","action","planet","ex","rebel","saw","forest","blaster","luck","bit","mention","line","screen","time","amount","charact","lot","gruff","justic","noth","charact","half","film","time","silver","screen","rogu","one","plenti","planet","purpos","audienc","star","univers","fighter","luna","hast","citi","star","univers","peopl","kind","guy","ship","fight","way","situat","inform","imperi","pilot","bodhi","rook","rook","instruct","engin","whereabout","inform","death","star","messeng","messag","rook","rogu","one","film","toni","dialogu","cast","time","felt","heavi","forc","begin","sort","mantra","click","bit","dialogu","nod","romanc","moment","final","way","attract","pun","emot","romanc","road","plea","write","viewer","world","anyth","K","tension","relief","time","heroism","war","child","mother","gunfir","scene","rebel","headquart","counsel","wise","father","death","star","charact","statu","leader","imperi","natur","fun","time","domin","despair","cinematographi","differ","star","stranger","color","film","tone","rest","rogu","one","well","film","half","bit","place","beach","chees","tone","spin","entireti","rogu","one","product","act","rogu","one","end","war","approach","star","saga","fluff","matur","death","gener","moff","reveal","conclus","film","torn","first","side","differ","tradit","gritti","dark","sweep","aerial","imperi","wide","endless","imperi","eventu","matur","sinist","left","young","extremist","indic","larg","necessari","second","first","uncanni","rebel","divers","panicki","perfect","good","poor","hard","big","desper","good","uniqu","comic","eventu","evil","unfold","nose","previou","low","neutral","nice","open","bleak","second","dark","final","final","imagin","posit","differ","dark","satisfi","torn","big","otherwis","far","far","away","right","howev","bare","presum","almost","well","enough","later","howev","along","well","subtli","now","howev","well","eventu","lighter","enough","otherwis","also","well"
"rough","one","SO","beauti","worth","univers","famili","drama","rough","one","charact","yen","love","charact","moment","dreamer","No","need","effect","protagonist","thing","plot","A","star","stori","background","main","more","main","univers","wonder","familiar","nostalg","femal","lead","rogu","univers","worth","realli","especi","basic"
"fell","time","fight","scene","star","emphasi","did","plot","death","star","thing","epic","stori","develop","mytholog","plot","action","time","system","look","score","sort","tie","yen","someth","star","game","stori","line","anyway","mass","effect","team","mantl","star","mytholog","overal","constant","scant","constant","whole","high","origin","video","amaz","asleep","serious"
"just","forc","movi","act","time","lot","action","way","film","reason","movi","time","joker","suicid","squad","star","franchis","money","year","screen","sound","movi","way","full","bad","hard","good","bad","good","disappoint","screen","least","next","sure","big","big","best","easili","much","serious","exactli","sadli","probabl","person"
"rogu","A","star","stori","stori","rogu","one","star","film","stori","entri","saga","star","movi","crawl","prologu","bit","ride","experi","screen","film","rogu","major","movi","stori","rogu","experi","feel","bore","canon","hand","person","Is","rogu","one","flawless","No","doe","doe","entertain","escap","cash","ye","exposit","anyth","rogu","action","stori","war","devast","wake","hope","forc","one","entertain","necessari","classic","real","mandatori","big","sure","mani","entertain","like","genuin","hard","unnecessari","strong","wholeheartedli","instead","final","thoroughli","actual","No","absolut","right","never","alway"
"approach","franchis","rogu","A","star","stori","approach","franchis","begin","type","star","told","perspect","rogu","place","struggl","peopl","terror","imperi","twist","everyth","movi","peopl","order","grit","galaxi","peopl","speci","goal","reason","movi","film","challeng","lot","time","henc","reason","fresh","cast","challeng","perfectli","relationship","charact","sacrific","time","perform","alan","K","time","movi","time","discomfort","boredom","time","stori","time","order","everyth","end","movi","stori","conclus","action","life","prop","star","ingenu","side","order","rogu","one","life","stori","A","stori","new","differ","ordinari","everyday","black","white","clear","grey","new","differ","appar","difficult","new","short","previou","much","new","due","run","brilliant","new","univers","singl","run","certain","unansw","satisfi","intens","real","memor","will","epic","gorgeou","interest","memor","well","well","longer","rather","perfectli","far","far","away","usual","properli","becom","rel","success","honestli","quickli","also","well","properli","felt","still","incred","still"
"trap","Oh","god","Oh","joy","franchis","movi","film","statement","star","univers","way","goal","way","film","plot","year","star","episod","movi","way","film","knee","stori","stori","stori","hope","courag","determin","stori","continu","never","disclaim","forc","trilog","movi","deviat","someth","empir","back","sloppi","lazi","easi","great","big","origin","old","much","origin","common","realli","mayb"
"bar","episod","product","trilog","forc","rogu","one","forc","empir","meant","movi","audienc","movi","stori","line","star","movi","treat","audienc","war","star","war","bar","episod","produc","movi","star","best","origin","intens","dark","deep","power","present","last","least","previou","present","fresh","new","intens","difficult","costli","greatli","far","ridicul","deadli","laughter","serious","annoyingli","visual","deadli","highli"
"forc","forc","star","effect","forc","philosophi","stori","line","soul","need","A","new","hope","deep","philosophi","dark","polit","fun","star","trek","forc","day","review","stori","effect","line","movi","philosoph","life","star","plot","famili","forc","star","movi","rogu","one","fact","stori","train","philosophi","somehow","forc","reason","mean","life","movi","learn","forc","need","war","stori","cours","some","yen","forc","one","forc","baze","wen","later","baze","faith","moff","princess","rogu","forc","mean","philosophi","star","better","first","second","cool","special","galact","light","disappoint","accept","first","great","first","disappoint","whole","special","singl","mani","mani","deep","whole","imposs","good","basic","deep","certain","deep","philosoph","simpl","fun","galact","overal","abl","deep","similar","awesom","greatli","realli","bit","later","prior","quit","even","alway","heavili","almost","quit","perfectli","better","simpli","wise","realli"
"addit","star","univers","review","rogu","midnight","premier","director","film","blockbust","someth","rogu","A","star","stori","titl","addit","filler","movi","film","star","doubt","mind","rogu","one","piec","cinema","antholog","movi","tone","open","scene","rogu","one","instal","feel","credit","style","camera","work","film","appeal","room","air","someth","star","landscap","cinematographi","hand","camera","movement","war","film","action","effect","rogu","star","effect","use","effect","homag","trilog","gripe","inevit","inclus","human","feel","opposit","sound","effect","product","design","felt","someth","rogu","one","aesthet","star","base","set","design","star","univers","score","notic","film","music","star","film","forward","scene","sens","mood","differenti","star","one","ultim","rogu","one","way","piec","star","univers","movi","addit","saga","appreci","work","rebellion","futur","appeal","rogu","one","everyon","die","star","knowledg","rogu","one","action","movi","way","dialogu","film","rogu","one","enjoy","appreci","star","Do","need","rogu","one","show","solid","small","uniqu","formal","welcom","success","perfect","true","great","captiv","gritti","clear","uniqu","due","visual","close","modern","fresh","differ","tradit","diverg","natur","shaki","reminisc","modern","visual","spectacular","like","tradit","driven","bold","beauti","energet","practic","potenti","origin","magnific","person","much","terribl","slight","facial","weird","technic","much","great","stellar","sublim","big","real","authent","fresh","new","outstand","vivid","short","origin","brilliant","enough","familiar","mani","fit","origin","distinct","suitabl","fantast","episod","hard","near","good","mani","hard","like","moder","mindless","clear","good","truli","perhap","inde","yet","previous","also","stylist","especi","superbl","stunningli","truli","pretti","quit","digit","pretti","notabl","not","surprisingli","live","realli","quit","continu","yet","perfectli","evil","howev"
"movi","photographi","effect","dark","movi","cult","top","apocalyps","blade","runner","movi","action","time","battl","lot","movi","one","good","good","great","spectacular","special","superb","differ","typic","sever","past","nice","previou","overlong","final","great","good","even","definit","atmospher","slightli","now","somewhat","definit","especi"
"letter","star","dear","compani","dear","star","movi","rogu","rogu","one","opinion","step","star","movi","star","brand","stori","studio","sometim","process","space","magic","point","view","opinion","star","failur","film","market","machin","box","offic","success","mean","rogu","one","star","less","freedom","time","line","plot","idea","point","view","rebellion","stori","tell","way","direct","cut","write","drama","time","gener","fan","servic","ad","nausea","movi","land","super","action","film","good","guarante","dish","So","cours","movi","person","cut","point","view","stori","movi","well","rogu","vision","someth","action","fi","movi","star","star","star","rogu","one","pretend","star","movi","movi","time","stori","line","empathi","balanc","action","time","action","time","introduct","background","situat","time","constant","scene","viewer","case","danger","death","mother","min","screen","situat","father","die","min","screen","scene","life","fall","head","lack","imagin","talent","make","death","noth","everybodi","mani","pattern","movi","add","fan","servic","plagu","feel","copi","past","refer","clone","tie","pilot","scene","X","wing","departur","scene","star","movi","ticket","pleas","stop","fan","contest","star","convent","time","refer","stori","So","pleas","charg","star","director","someth","time","pattern","rhythm","noth","money","noth","subject","time","admir","new","order","guy","star","stori","good","design","music","red","clone","look","scene","light","mask","charisma","keep","hyperspac","magic","instant","commun","rescu","call","small","galaxi","planet","coupl","imagin","sand","beach","star","collis","open","next","last","good","great","religi","happi","creativ","countless","industri","artist","bigger","huge","first","good","controversi","wrong","final","sure","great","origin","recent","good","except","good","final","bad","new","bad","strong","real","possibl","good","quiet","much","total","short","littl","bad","clear","strong","sad","gener","last","gigant","easier","kamikaz","recent","imposs","bad","viewer","next","fresh","next","differ","differ","good","complet","good","good","better","good","admir","much","dark","atmospher","distant","new","easi","forward","still","far","even","better","close","even","back","mayb","art","still","magic","better","unfortun","fast","even","alreadi","away","mayb","even","realli","well","not","ugli","fast","realli"
"film","fight","one","enjoy","film","par","one","forc","franchis","pie","stori","tell","stori","death","star","luke","chanc","tie","film","bit","mix","hero","companion","pair","shelf","robot","c3po","theater","heart","someth","film","chase","peac","rest","scene","millennium","falcon","game","rogu","one","possibl","sens","emot","movi","goer","thing","note","level","movi","trailer","comput","game","unchart","someth","back","rest","imagin","film","money","machin","inspir","predict","next","overal","last","oven","pretti","nice","origin","origin","main","good","much","use","biggest","predict","bad","big","big","origin","critic","embarrass","low","origin","new","veri","actual","seamlessli","liter","pretti","well","pretti","often","liter","never","also","obvious","transpar","veri","liter","total","total"
"violenc","Am","violenc","movi","war","zone","ground","war","movi","movi","wisdom","violenc","mind","air","stori","line","way","cannon","fodder","probabl","star","film","cinematographi","versatil","much","much","total","spi","amaz","weak","predict","mani","mani","mani","beauti","overal","profici","too","devious","rather","alway","So","rather","also","realli"
"rogu","A","star","stori","movi","star","trek","star","way","fan","explan","anyway","anyon","film","movi","film","star","univers","bail","mention","wedg","goldeney","moon","sequenc","nutshel","film","ye","cinematographi","F","lord","film","appeal","evil","balanc","reason","viewer","ideolog","G","sens","concept","end","day","get","good","kind","job","routin","tenth","budget","film","question","anyon","part","money","time","answer","problem","job","episod","best","star","afraid","reason","best","best","certain","certain","good","great","good","main","least","better","alright","sorri","major","second","third","sure","better","not","especi","even","far","instead","never","probabl","either","also","heavili","perhap","best","So","howev","mildli","els"
"are","built","hope","A","great","star","spin","off","rogu","star","stori","take","franchis","star","reveng","sith","A","new","hope","director","movi","hope","god","movi","galaxi","turn","blend","trilog","felic","emot","protagonist","adventur","redempt","connect","spark","hope","movi","dark","pitch","way","movi","K","star","alan","someon","guy","medal","star","sens","humour","crew","crowd","joy","thing","star","abil","selfish","time","devot","someth","star","chirrup","_mwe","movi","yen","charact","connect","forc","divers","cast","movi","star","stori","end","baze","bodhi","rook","battl","name","rogu","rook","captain","luna","actor","charact","rebellion","hero","captain","dick","conflict","peopl","time","storm","trooper","line","thou","saw","forest","actor","charact","clone","voic","charact","movi","movi","what","rogu","one","charact","bail","side","conflict","chat","dark","lord","scene","mention","scene","action","seat","plot","design","stori","redempt","daughter","man","death","star","weak","episod","star","fan","director","stori","outcom","thing","star","movi","conflict","feel","war","effect","K","battl","Fi","battl","contend","contend","movi","star","seri","conflict","introduct","conclus","tragedi","rogu","star","stori","star","galaxi","death","star","thank","review","list","iron","bat","prime","may","forc","fresh","favorit","second","disappoint","good","great","origin","abl","imperi","hilari","great","amaz","great","blind","tyranni","univers","great","great","first","good","bad","power","talent","tough","neg","great","realist","decent","great","old","cring","sorri","pointless","great","much","numer","unexpect","great","enough","abl","compel","best","realist","practic","best","realist","superior","satisfi","wish","slow","happi","uniqu","howev","first","inde","realli","realli","serious","better","better","realli","realli","often","inde","final","necessarili","serious","not","liter","well","howev","realli","even","honestli","poorli","rather","pretti","also","rather","rather","bare","not","basic","alreadi","yet","still","ever","even","ever","howev","beauti","highli","far","far","away"
"star","movi","star","movi","forc","dud","rogu","one","masterwork","lot","stori","complex","rebellion","sens","humor","Do","moment","thank","god","episod","guy","calam","real","wonder","pure","true","nice","good","good","strong","pleasant","real","much","also","mayb","enough"
"rogu","screen","zero","movi","star","fan","screen","film","film","amount","fan","servic","none","charact","develop","introduct","movi","place","hastili","time","effect","movi","inclus","actor","lot","time","problem","fan","servic","movi","piec","fan","fiction","film","movi","trilog","expand","univers","face","point","final","point","care","plot","movi","audienc","A","final","emot","show","audienc","lot","nois","money","huge","terribl","huge","main","littl","actual","visual","good","screen","biggest","full","predict","origin","cring","spectacular","spectacular","badli","especi","realli","unfortun","heavili","complet","simpli","strongli","also","extrem","still","realli"
"word","except","firstli","star","movi","death","star","someth","point","movi","movi","death","star","serious","peopl","stuff","movi","review","midnight","screen","second","stori","lot","hint","romanc","hero","heroin","star","not","romanc","movi","dark","import","origin","tire","strong","glad","extrem","secondli","still","well","well","even","els","absolut"
"gener","blockbust","rogu","way","humor","dark","sad","music","like","music","movi","tast","stori","filler","stori","E3","E4","that","job","star","episod","someth","year","rogu","blockbust","day","goal","amount","peopl","everyth","movi","purpos","star","movi","famili","anyth","good","give","overal","mild","least","possibl","next","big","maximum","milder","overal","good","bad","good","safe","special","realli","much","possibl","also","much","fairli","well","also","alway","realli"
"rebellion","stand","movi","trilog","everi","star","fan","movi","stori","movi","action","stori","charact","movi","star","movi","date","action","space","music","star","movi","space","opera","battl","experi","foot","soldier","overview","act","pace","movi","star","twist","someth","copycat","feel","forc","movi","peopl","star","univers","fan","soldier","excel","good","pace","full","decent","main","mani","new","gorgeou","beauti","occasion","excel","overal","fast","human","fresh","slight","perfect","alon","alreadi","yet","fast","back","absolut","even"
"war","star","R1","star","stun","stun","space","battl","saga","scene","humour","K2","SO","show","loud","R1","star","movi","war","movi","hour","thing","moment","caus","thing","score","read","plain","awesom","best","great","great","cameo","familiar","epic","best","entir","best","great","no2","dark","gritti","bad","dull","mani","gorgeou","great","hardli","ever","visual","beauti","ever","especi","probabl","better","right","possibl","also","fast","never"
"rogu","one","review","A","surpris","announc","spin","year","peopl","lot","skeptic","A","lot","forc","effect","fun","star","univers","spin","antholog","share","product","problem","group","death","star","star","start","score","score","univers","comparison","music","piec","feel","star","music","tri","film","way","antholog","saga","formula","look","score","film","costum","design","effect","act","clumsili","fact","structur","place","though","felic","luna","stand","act","act","film","patch","forc","effect","forc","luckili","cring","snoke","mild","spoiler","comput","version","peter","moff","film","valley","effect","spoiler","easter","film","coupl","holi","sh","promis","effort","disgrac","franchis","film","plan","altern","present","base","practic","first","bumper","origin","old","import","previou","classic","sound","first","littl","littl","likabl","second","third","quit","excel","much","better","aerial","strong","littl","heavi","worthi","long","dead","origin","uncanni","solid","back","well","away","back","now","howev","much","rather","togeth","poorli","also","away","still","somewhat","still","well","often","even","even","howev","much","closer","still","never","quit","certainli","still"
"famili","movi","sequel","movi","find","lot","find","dori","movi","hilari","movi","plot","stori","parent","child","child","movi","famili","sequel","find","bewar","great","worthi","watch","scari","high","funni","scari","second","disappoint","good","perfect","worthi","still","even","sometim","even","realli","eventu"
"film","childhood","wow","time","fast","film","day","sick","sea","fascin","film","breath","anim","creatur","amount","emot","film","favorit","sequel","dori","cours","charact","idea","charact","time","fail","peopl","toy","stori","somehow","univers","charm","one","film","anyway","film","toy","stori","univers","film","sequel","anim","heart","cours","movi","anim","movi","park","dori","charact","journey","dori","emot","Oh","movi","river","time","messag","famili","film","heart","humour","miss","overal","film","Me","aunt","cousin","film","film","sequel","preciou","wonder","old","twenti","underwat","loud","mix","perfect","amaz","person","skeptic","favorit","main","gener","good","first","great","first","familiar","fair","first","amaz","better","likabl","new","amaz","first","first","real","old","new","memor","funni","main","nostalgia","first","fun","great","first","hard","spectacular","overal","nearli","never","alway","natur","later","surprisingli","definit","realli","realli","definit","even","alreadi","somehow","even","surprisingli","quit","actual","well","especi","also","mostli","luckili","pretti","still","highli"
"find","dori","movi","charact","develop","movi","stori","moment","moment","pure","joy","posit","absolut","water","anim","score","score","movi","find","franchis","sequel","unforgett","unforgett","incred","best","good","better","origin","incred","funni","thought","singl","sentiment","except","beauti","sure","grate","best","best","truli","absolut","honestli","absolut","period","almost","almost","flawlessli","grace","obvious","well","definit","immens","definit","far","ever"
"thing","find","dori","sequel","find","qualiti","except","toy","stori","one","thing","six","find","dori","someth","childhood","home","bay","due","dori","term","memori","loss","difficulti","time","marlin","son","follow","dori","along","journey","beauti","time","dori","successor","film","be","slow","predecessor","poignant","effect","voic","act","dori","hank","octopu","O","rate","mention","cute","begin","piper","babi","sandpip","mellow","slow","bad","long","classic","good","mellow","slow","bad","import","origin","frequent","short","great","import","worthi","excel","origin","atmospher","great","mani","new","person","cynic","origin","special","short","certainli","well","actual","certainli","suddenli","togeth","often","realli","quit","realli","well","particularli","also","also"
"term","memori","find","dori","color","entertain","film","star","O","find","dori","minut","time","dori","dori","memori","famili","adventur","dori","summer","voic","cast","work","dori","protagonist","film","transit","perfect","univers","protagonist","dori","charact","comedi","hank","octopu","O","scene","wall","E","carter","stori","film","color","eye","emot","trip","act","great","film","act","consist","movi","action","film","film","act","find","dori","trip","memori","lane","voic","cast","anim","difficulti","brave","univers","top","long","charm","sentiment","sudden","long","perfect","perfect","first","emot","new","avid","marvel","attract","memor","third","third","last","disappoint","third","beauti","recent","safe","absolut","well","final","yet","well","charact","marvel","almost","bubbl","back"
"dori","A","delight","worthi","sequel","thought","find","dori","return","blue","array","wonder","dori","help","open","sequenc","world","anim","detail","skin","hank","octopu","find","dori","wealth","achiev","splendor","beforehand","piper","wizardri","today","noth","heart","film","dori","childhood","babi","fish","pleasur","screen","marlin","dori","race","past","way","set","stori","job","film","narr","space","stori","concept","formula","piec","cinema","predecessor","critic","dori","multipl","euphoria","heartach","frustrat","find","dori","sometim","time","realism","context","extrem","entertain","pleasur","sequel","statu","whether","find","dori","set","dori","film","addit","canon","underli","persever","love","friendship","famili","anyon","wish","entertain","advic","home","talk","My","rate","humor","familiar","deep","new","narr","demeanor","obviou","technic","coral","incred","creativ","visual","ador","short","immers","technic","lovabl","earli","big","fresh","entir","new","hilari","excel","new","origin","typic","definit","undeni","littl","low","narr","littl","uncomfort","overal","undoubtedli","worthi","enjoy","high","origin","unquestion","solid","great","strong","suitabl","great","heartfelt","overal","howev","emot","alon","ever","even","incred","probabl","ever","often","ever","admittedli","ever","ultim","satisfyingli","slightli","asid","even","howev","much","glorious","sometim","often","best","simpli","howev"
"spotlight","everybodi","fish","sequel","find","find","adventur","lot","standard","sequel","find","dori","fact","well","part","skeptic","predecessor","scene","stealer","dori","blue","tang","charact","spotlight","relief","cynic","reaction","sequel","dori","dori","adventur","marlin","game","search","memori","birthplac","bay","marin","reserv","kudo","heart","tear","moment","adventur","destini","bailey","clumsi","definit","breakout","hank","octopu","O","presenc","though","back","stori","kind","vagu","octopu","captiv","mollusk","interest","companion","tang","just","anim","design","someth","alway","standard","qualiti","anim","ocean","attract","detail","jewel","bay","team","environ","kind","world","life","size","attract","showcas","movi","find","dori","continu","everybodi","favorit","blue","tang","sequel","properti","movi","favorit","forget","lovabl","undersea","bad","great","instant","lovabl","icon","forget","comic","corpor","least","first","more","compel","funni","new","enthusiast","gallant","undeni","scar","charact","great","belov","blue","main","awar","sudden","uniqu","moment","worthi","forget","fine","sure","next","realli","best","So","realli","actual","truli","thank","alway","also","realli","also","still","final"
"dori","dori","song","film","find","sequel","year","predecessor","heartfelt","laugh","loud","dori","dori","girl","marlin","titl","dori","result","dori","dori","question","marlin","dori","question","dori","problem","film","surfac","level","pun","gone","poignanc","find","mother","gone","relev","plot","structur","plot","point","find","find","dori","cute","harmless","film","happen","get","come","film","jenni","levi","dori","result","role","dori","role","crush","fish","tank","gang","marlin","courag","hope","dori","destini","bailey","dori","anyth","anyth","marlin","yet","marlin","dori","movi","find","dori","sequel","find","dori","charact","find","dori","anim","bay","grass","anim","look","film","destini","charact","butt","joke","cameo","film","gut","dori","ray","school","find","dori","relationship","dori","film","protagonist","dori","heart","heart","moment","hank","O","marlin","engag","dori","sister","advantag","dori","dori","charact","ye","dori","memori","loss","ray","yet","end","dori","make","find","dori","sequel","protagonist","clever","stori","dimension","film","anim","find","dori","sequel","thing","toy","stori","toy","stori","plot","truli","dori","merit","matin","e","matin","e","film","pop","depth","field","good","unforgett","timeless","old","young","bigger","better","forgett","charismat","first","unnecessari","origin","real","detail","sever","loud","forgett","hyster","funni","funni","great","funni","big","likabl","engag","thin","much","entertain","engag","disappoint","origin","bad","dimension","entertain","true","instead","quickli","also","truli","much","strictli","alreadi","much","realli","unbeliev","also","also","bustlingli","also","much","essenti","necessarili","yet","alon","howev"
"film","famili","movi","truli","treat","famili","just","term","memori","loss","sea","sea","level","home","peopl","thing","movi","heart","underwat","world","park","job","flick","grab","friend","famili","find","dori","great","whole","delight","whole","best","short","recent","offens","entir","magic","great","entir","back","realli","well","usual","definit","So"
"film","ocean","car","chase","sequenc","year","marlin","son","blue","dori","adventur","famili","school","field","trip","stingray","migrat","dori","undertow","word","warn","jenni","levi","mother","father","dori","marlin","tow","trio","marin","life","institut","rehabilit","center","aquarium","aid","hank","O","fluke","rudder","west","dori","past","fate","everyon","term","memori","loss","fish","time","show","disabl","stress","afflict","part","theme","part","voyag","way","tale","enlighten","inner","alli","open","scene","Up","beauti","heartbreak","wallop","moment","pictur","edg","consequ","cinema","appear","bug","surfer","guy","turtl","sing","manta","ray","plot","terrain","concept","epic","cross","sea","expedit","menac","squid","control","shark","loss","creativ","sens","repetit","dialogu","quirki","speci","bizarr","charact","hank","octopu","industri","spot","camouflag","gimmick","chose","where","film","harrow","continu","mysteri","trust","reinforc","confid","notion","advers","resolv","mix","superior","voic","loud","level","patho","toy","stori","find","dori","masterpiec","film","ocean","car","chase","sequenc","strong","similar","massiv","new","favorit","short","mani","hyster","sever","signific","forget","major","human","emot","new","indispens","poignant","except","stun","emot","singl","new","undeni","gener","ordinari","mani","familiar","basic","detriment","specif","creativ","comic","impress","sensat","first","vast","unknown","monument","friendship","neg","recogniz","endear","technic","artist","somehow","even","onc","togeth","back","even","almost","disastr","never","also","even","rare","even","bit","never","instead","ever","far","also","somehow","even"
"magic","time","sequel","today","review","ocean","reef","stage","adventur","fish","ye","today","find","dori","will","sequel","everyth","qualiti","pleas","surpris","comedi","work","shame","find","dori","bit","someth","everyon","audienc","storm","goofi","slapstick","comedi","time","end","deal","plenti","audienc","pretti","color","speak","cute","adult","film","charm","magic","film","dori","innoc","sincer","qualiti","film","her","self","everyon","audienc","compass","eye","blue","tang","button","addit","destini","talk","show","host","voic","work","person","dori","film","fun","ye","dog","deliveri","talent","job","zing","spin","emot","mix","thing","hank","dori","bunch","anim","job","move","sea","someth","dinner","water","life","compon","textur","fluiditi","environ","reef","wreckag","marina","definit","detail","everyth","place","sin","film","job","report","dori","stori","area","improv","dad","ocean","dori","reef","case","find","dori","lot","emot","comedi","predecessor","aquarium","edg","dori","charact","develop","suspens","someth","addit","comedi","time","ye","anyth","market","standpoint","qualiti","audienc","bit","most","hous","balanc","comedi","film","stori","end","stick","film","No","surpris","center","stage","titl","marlin","shell","again","balanc","marlin","adventur","tank","film","marlin","stori","movi","feel","find","dori","addit","librari","fun","anim","punch","studio","stori","travel","void","get","end","adventur","movi","worth","D","experi","promis","detail","D","trip","theater","anim","adventur","comedi","movi","overal","unleash","great","blue","ocean","littl","exagger","guttur","second","better","older","cute","fish","first","ador","endear","younger","moral","emot","cute","new","legendari","amaz","dynam","energet","perfect","like","emot","strong","great","particular","entertain","fantast","fish","fish","massiv","realist","high","famou","better","full","whole","exot","fun","excit","deep","littl","lax","great","obviou","dilut","littl","enough","whale","silli","dead","short","good","side","humor","seldom","import","sure","differ","better","great","sweet","famou","excit","first","blue","short","overal","happi","mani","much","total","better","yet","ago","ever","surprisingli","truli","often","even","howev","far","still","well","far","alway","delic","also","fantast","incred","even","probabl","littl","back","incred","not","overdon","howev","probabl","littl","back","back","still","unfortun","even"
"better","than","find","Oh","thing","way","point","thing","movi","anim","find","review","water","water","light","ocean","movi","cartoon","sea","well","movi","lot","time","look","movi","look","Oh","yeah","octopu","shock","anim","hank","wow","way","anim","wise","spoil","stori","rehash","exampl","dori","term","memori","loss","movi","dori","hold","term","memori","loss","lot","disord","metaphor","movi","lot","comedi","yeah","balanc","drama","comedi","action","kung","Fu","panda","film","hank","octopu","begin","lot","charact","develop","rest","film","hank","friendship","dori","film","tone","cours","action","flaw","movi","action","scene","bit","natur","anyth","mind","bit","theme","movi","Oh","thing","overal","movi","anim","stori","action","drama","surpris","good","real","better","last","realist","realist","littl","last","minor","screen","main","last","new","great","gorgeou","long","complex","dramat","short","last","short","mental","pretti","sure","funni","good","much","new","favorit","funni","rude","much","great","main","dramat","seriou","great","littl","rush","ridicul","ridicul","rush","least","funni","great","outstand","seriou","great","old","new","great","els","much","big","not","ever","first","howev","absolut","much","howev","still","well","especi","thank","natur","bit","primarili","serious","actual","actual","thank","actual","realli","pretti","even","pretti","mayb","mayb","well","even","away","also"
"heart","masterpiec","way","featur","year","decad","how","dollar","question","find","dori","sequel","level","great","relianc","well","stori","find","dori","heart","find","charact","routin","someth","dori","memori","term","memori","loss","dad","help","marlin","trio","adventur","dori","cours","plan","dori","memori","ocean","marin","life","institut","dori","help","octopu","hank","O","beluga","shark","find","part","stori","ocean","set","aquarium","tank","dentist","offic","find","dori","ocean","water","land","rehabilit","aquarium","center","bay","So","scope","time","lot","set","director","fellow","film","suffer","difficulti","magic","bottl","find","dori","film","marlin","dori","film","ton","round","camaraderi","doe","dori","sequel","movi","begin","find","dori","home","reason","franchis","thing","film","sonar","shark","octopu","bird","marlin","bit","beauti","find","dori","dori","memori","loss","home","film","lesson","perfect","find","dori","masterpiec","find","act","bit","adventur","movi","famili","screen","anim","fine","etern","told","happi","usual","rare","short","solid","whale","small","giant","bigger","sure","much","first","new","whole","new","necessari","first","happili","mani","new","beluga","whale","certain","unstabl","normal","great","best","third","outrag","overal","funni","excit","entir","straight","best","exactli","straight","well","quit","partli","mostli","luckili","usual","alreadi","thank","asid","also","perhap","perhap","alreadi","ever","anyway","well","back","alway","dearli","even","quickli","exactli","everywher","still"
"dori","heartfelt","find","dori","heartfelt","stori","movi","find","sequel","dori","begin","stori","exampl","movi","minor","everi","stori","bore","invest","stori","cours","film","movi","problem","friend","impact","minor","stori","humor","movi","cast","home","theme","movi","find","dori","judgment","crush","sea","turtl","find","dori","same","tank","fish","beauti","instrument","wow","wow","find","dori","stori","facilit","beauti","part","earli","fish","kelp","forest","reef","dark","kelp","water","movi","find","dinosaur","gap","theme","stellar","interest","stellar","interest","great","favorit","easi","first","sever","major","interest","initi","huge","profound","great","unforgett","mani","brief","import","drive","final","pelican","major","visual","first","much","bia","color","coral","green","forest","dark","green","awesom","good","stori","still","ever","never","still","better","thank","So","yet","enough","better","hardli","instead","mayb","still","still"
"cute","ultim","emot","static","sequel","belov","classic","find","dori","splash","week","success","popular","dori","place","heart","film","impact","movi","mani","film","film","toy","stori","plot","predecessor","find","dori","messag","lost","feel","turn","film","laughter","surpris","predecessor","exampl","voic","actor","charact","dori","film","voic","plot","A","film","need","roller","coaster","find","dori","time","ye","heart","movi","sequel","respons","demand","return","world","dori","marlin","messag","subtext","short","dori","messag","disabl","movi","kind","disabl","dori","memori","approach","messag","film","bit","fact","plot","charact","develop","audienc","charact","arc","develop","dori","friend","hank","O","just","watch","film","spark","part","area","movi","sequel","thank","case","find","dori","everyon","sea","turtl","stingray","fortun","film","lead","anim","kingdom","music","opportun","analysi","point","view","film","someon","lot","time","energi","properti","movi","show","anim","kingdom","show","cast","member","annual","abil","find","dori","predecessor","show","movi","behind","film","job","mani","peopl","age","dori","find","lack","comedi","funni","film","time","structur","candl","predecessor","qualiti","channel","origin","movi","let","toy","stori","week","sequel","tear","jerker","toy","stori","properti","evolut","central","intellig","hand","find","dori","competit","weekend","movi","nostalgia","film","probabl","famili","movi","movi","stori","sequel","continu","first","like","closer","former","littl","static","unlik","entir","funni","forc","necessari","high","physic","emot","most","main","much","forc","heavi","mild","entertain","magic","much","first","much","necessari","happi","familiar","first","favorit","fantast","abl","cool","former","current","live","fantast","mani","great","young","first","comed","straight","commerci","free","phenomen","possibl","limit","sure","worth","fun","childlik","next","great","wonder","familiar","new","excel","dynam","highli","critic","well","unfortun","either","somewher","not","far","emot","somewhat","certainli","far","highli","still","howev","honestli","pretti","well","rather","entir","well","usual","clearli","otherwis","definit","away","well","mostli","seamlessli","mildli","sometim","even","realli","total","els","much","actual","realli","fairli","often","well","also","So","well","definit","simpli","also","fairli","back","entir","first","howev","certainli"
"great","film","cri","movi","dori","fish","struggl","desir","kelp","forest","forget","hank","sea","creatur","aquarium","sea","end","dori","sea","hank","kind","stori","mayb","good","favorit","dead","funni","rare","grumpi","good","overal","good","almost","realli","still","realli","almost","realli","forev","rather","even","realli","realli"
"sequel","find","dori","movi","year","screen","water","find","dori","sequel","film","loss","point","time","failur","carter","find","dori","line","movi","My","rate","dori","highli","excel","anim","delight","new","worth","best","overal","appreci","undoubtedli","back","suprem","never","back","strongli","best","sure","well","much","definit"
"bit","powerhous","predecessor","dori","sequel","continu","time","blue","tang","hero","help","famili","seri","their","sanctiti","reef","way","state","anim","time","film","joy","octopu","hank","marri","O","addit","cast","cours","surfac","pun","adventur","film","sunlit","zone","well","film","truth","regardless","development","mean","movi","everybodi","A","movi","promis","hope","someth","bit","right","masterpiec","favorit","best","sumptuou","mani","irasc","big","welcom","new","big","friendli","simpl","import","special","full","littl","much","much","howev","never","ultim","els","well"
"well","movi","one","dori","success","film","movi","time","dori","charact","ye","stori","side","charact","everyon","dori","famili","hunt","sound","film","well","differ","find","father","him","father","famili","sens","dad","ocean","problem","stori","film","nonsens","year","dori","one","famili","memori","time","life","film","film","exist","film","handicap","stori","way","stori","flash","time","movi","feel","stori","place","someth","anyth","stori","stori","how","earth","film","film","one","voyag","film","nostalgia","everyth","which","noth","charact","film","kind","person","asid","thing","plot","devic","purpos","comedi","relief","which","fun","film","fun","peopl","film","save","voic","act","dori","thing","her","stori","good","coupl","scene","zone","view","whole","dull","film","symbol","audienc","qualiti","money","thank","thought","movi","time","thirteen","huge","hard","main","much","first","ten","first","first","stupid","whole","whole","absolut","entir","first","appar","pointless","better","whole","random","ridicul","better","first","differ","first","better","first","real","relat","easi","new","new","whole","new","other","main","handicap","handicap","great","involv","whole","great","particular","great","fish","ingeni","much","appar","littl","worth","final","even","still","probabl","complet","magic","exactli","onli","realli","realli","clearli","serious","back","not","incred","incred","complet","not","serious","exactli","slightli","simpli","realli","mainli","subtli","certainli","realli","pretti","also","well","not","far","actual","No","longer","realli"
"hey","sequel","find","dori","film","world","marlin","dori","sea","place","year","start","stori","sequel","group","work","surpris","dori","term","memori","loss","phrase","diddi","speak","peopl","dori","heartfelt","foil","stori","someon","agenc","tale","famili","cours","lot","someth","time","put","stori","dori","marin","park","fish","voic","weaver","everyon","park","way","god","realm","fish","mission","dug","deep","term","memori","help","water","hank","octopu","O","whale","shark","whale","burr","chanc","comedi","time","ten","audienc","whether","visa","darn","weaver","exampl","write","team","balanc","peril","behavior","comedi","dori","protagonist","hero","stori","someon","anyth","memento","someon","damn","skin","order","momentum","A","B","C","fish","help","time","term","memori","dori","way","help","film","way","movi","world","everyth","bar","van","medium","work","someth","movi","harder","swing","major","fare","except","anim","familiar","gag","work","charact","hey","bird","charact","marlin","stori","stori","movi","peril","time","game","role","stori","act","moment","moment","air","anti","climax","climax","guess","point","dori","memori","loss","account","stori","wise","find","dori","charmer","delight","stori","summer","way","sens","sequel","good","good","take","first","hard","first","short","catch","whale","high","comic","help","first","full","familiar","first","mani","full","funni","minor","simpl","scatter","long","new","hey","beluga","success","big","whole","major","comic","dark","sad","unlik","compel","noir","conveni","long","cute","littl","hard","consist","first","sea","small","avail","high","fair","wonder","main","littl","occasion","seal","greedi","fine","first","comic","much","third","ant","real","emot","much","full","sincer","great","great","best","worth","often","sometim","enough","sometim","even","especi","ultim","mayb","ever","here","help","realli","well","near","never","even","deftli","forward","sometim","incred","gorgeous","yet","much","still","still","asid","mental","alreadi","realli","much","asid","albeit","well","alway","add","far","well","alreadi","also","realli","yet"
"film","way","dori","nickel","time","trust","memori","time","ye","movi","dori","time","whale","find","dori","time","film","qualiti","past","good","much","rich","bad","old","short","dori","much","new","grand","first","nowher","nearli","super","bit","highli"
